china_code,china_name,risk_pca,risk_rf,risk_ensemble
1020300,人民法院负责人,0.087966592,0.08572048,0.086815194
1020400,人民检察院负责人,0.087966592,0.08572048,0.086815194
1020500,国家行政机关及其工作机构负责人,0.087966592,0.08572048,0.086815194
1030201,工会负责人,0.204296727,0.191190884,0.197578435
1030202,中国共产主义青年团负责人,0.204296727,0.191190884,0.197578435
1030203,妇女联合会负责人,0.204296727,0.191190884,0.197578435
1030299,其他人民团体及其工作机构负责人,0.204296727,0.191190884,0.197578435
1030300,群众自治组织负责人,0,0,0
1039900,其他社会团体及其工作机构负责人,0.204296727,0.191190884,0.197578435
1040101,高等学校校长,0.302418832,0.314401901,0.308561569
1040102,中等职业教育学校校长,0.302418832,0.314401901,0.308561569
1040103,中小学校校长,0.302418832,0.314401901,0.308561569
1040199,其他教育教学单位负责人,0.302418832,0.314401901,0.308561569
1040200,卫生单位负责人,0.020914097,0.035169021,0.028221429
1040300,科研单位负责人,0.19825564,0.181258167,0.189542428
1049900,其他事业单位负责人,0.19825564,0.181258167,0.189542428
1050101,企业董事,0.089530049,0.088080814,0.088787145
1050199,其他企业负责人,0.089530049,0.088080814,0.088787145
2010100,哲学研究人员,0.176347953,0.172448452,0.174348998
2010200,经济学研究人员,0.164753239,0.147573604,0.155946648
2010300,法学研究人员,0.123917408,0.107050906,0.115271334
2010400,社会学研究人员,0.159359585,0.161068213,0.160235459
2010500,教育科学研究人员,0.228848035,0.225838827,0.227305461
2010600,文学、艺术研究人员,0.479104358,0.467689284,0.473252785
2010800,历史学研究人员,0.176347953,0.172448452,0.174348998
2010900,管理科学研究人员,0.343315124,0.335226276,0.339168634
2011000,数学研究人员,0.200228722,0.192761989,0.19640114
2011100,物理学研究人员,0.182902673,0.182607873,0.182751554
2011200,化学研究人员,0.208663394,0.204320609,0.206437204
2011300,天文学研究人员,0.285147582,0.27694653,0.280943574
2011400,地球科学研究人员,0.285147582,0.27694653,0.280943574
2011500,生物科学研究人员,0.186604776,0.18426769,0.185406743
2011600,农业科学研究人员,0.186604776,0.18426769,0.185406743
2020100,地质勘探工程技术人员,0.285147582,0.27694653,0.280943574
2020201,大地测量工程技术人员,0.285147582,0.27694653,0.280943574
2020202,工程测量工程技术人员,0.464941265,0.468577458,0.466805243
2020203,摄影测量与遥感工程技术人员,0.285147582,0.27694653,0.280943574
2020204,地图制图与印刷工程技术人员,0.464941265,0.468577458,0.466805243
2020205,海洋测绘工程技术人员,0.285147582,0.27694653,0.280943574
2020299,其他测绘工程技术人员,0.464941265,0.468577458,0.466805243
2020301,采矿工程技术人员,0.136508894,0.133998306,0.135221921
2020302,选矿与矿物加工工程技术人员,0.136508894,0.133998306,0.135221921
2020399,其他矿山工程技术人员,0.136508894,0.133998306,0.135221921
2020401,石油开采工程技术人员,0.280179904,0.265676603,0.27274525
2020402,石油储运工程技术人员,0.280179904,0.265676603,0.27274525
2020499,其他石油工程技术人员,0.280179904,0.265676603,0.27274525
2020501,冶炼工程技术人员,0.136508894,0.133998306,0.135221921
2020502,轧制工程技术人员,0.136508894,0.133998306,0.135221921
2020503,焦化工程技术人员,0.280179904,0.265676603,0.27274525
2020504,金属材料工程技术人员,0.192897132,0.189830005,0.191324867
2020505,耐火材料工程技术人员,0.192897132,0.189830005,0.191324867
2020506,碳素材料工程技术人员,0.192897132,0.189830005,0.191324867
2020507,冶金热能工程技术人员,0.136508894,0.133998306,0.135221921
2020599,其他冶金工程技术人员,0.136508894,0.133998306,0.135221921
2020601,化工实验工程技术人员,0.280179904,0.265676603,0.27274525
2020602,化工设计工程技术人员,0.280179904,0.265676603,0.27274525
2020603,化工生产工程技术人员,0.280179904,0.265676603,0.27274525
2020699,其他化工工程技术人员,0.280179904,0.265676603,0.27274525
2020701,机械设计工程技术人员,0.278892007,0.25112709,0.264659209
2020702,机械制造工程技术人员,0.278892007,0.25112709,0.264659209
2020703,仪器仪表工程技术人员,0.278892007,0.25112709,0.264659209
2020704,设备工程技术人员,0.278892007,0.25112709,0.264659209
2020799,其他机械工程技术人员,0.278892007,0.25112709,0.264659209
2020801,装甲车辆工程技术人员,0.278892007,0.25112709,0.264659209
2020802,火炮枪械工程技术人员,0.278892007,0.25112709,0.264659209
2020803,弹箭工程技术人员,0.278892007,0.25112709,0.264659209
2020804,火炸药工程技术人员,0.280179904,0.265676603,0.27274525
2020805,光电火控工程技术人员,0.316809265,0.298131337,0.307234622
2020899,其他兵器工程技术人员,0.278892007,0.25112709,0.264659209
2020901,飞机设计工程技术人员,0.211522142,0.199977935,0.205604373
2020902,飞机制造工程技术人员,0.211522142,0.199977935,0.205604373
2020903,飞机发动机设计工程技术人员,0.211522142,0.199977935,0.205604373
2020904,飞机发动机制造工程技术人员,0.211522142,0.199977935,0.205604373
2020999,其他航空工程技术人员,0.211522142,0.199977935,0.205604373
2021000,航天工程技术人员,0.211522142,0.199977935,0.205604373
2021101,电子材料工程技术人员,0.192897132,0.189830005,0.191324867
2021401,电机与电器工程技术人员,0.316809265,0.298131337,0.307234622
2021402,电力拖动与自动控制工程技术人员,0.316809265,0.298131337,0.307234622
2021403,电线电缆与电工材料技术人员,0.192897132,0.189830005,0.191324867
2021499,其他电气工程技术人员,0.316809265,0.298131337,0.307234622
2021501,发电工程技术人员,0.316809265,0.298131337,0.307234622
2021502,输变电工程技术人员,0.316809265,0.298131337,0.307234622
2021503,供用电工程技术人员,0.316809265,0.298131337,0.307234622
2021599,其他电力工程技术人员,0.316809265,0.298131337,0.307234622
2021701,广播电视编播工程技术人员,0.451293967,0.455327226,0.453361488
2021703,电影工程技术人员,0.526432486,0.535575224,0.531119219
2021799,其他广播电影电视工程技术人员,0.526432486,0.535575224,0.531119219
2021801,汽车运用工程技术人员,0.278892007,0.25112709,0.264659209
2021802,船舶运用工程技术人员,0.481640763,0.480515874,0.481064125
2021803,水上交通工程技术人员,0.279504162,0.264947138,0.272041968
2021804,海上救助打捞工程技术人员,0.481640763,0.480515874,0.481064125
2021805,船舶检验工程技术人员,0.481640763,0.480515874,0.481064125
2021899,其他交通工程技术人员,0.279504162,0.264947138,0.272041968
2021901,民用航空维修与适航专业技术人员,0.480985245,0.465290159,0.47293966
2021902,航行航空工程技术人员,0.480985245,0.465290159,0.47293966
2021903,通用航空技术人员,0.480985245,0.465290159,0.47293966
2021904,航空运输工程技术人员,0.279504162,0.264947138,0.272041968
2021999,其他民用航空工程技术人员,0.480985245,0.465290159,0.47293966
2022001,铁道运输工程技术人员,0.279504162,0.264947138,0.272041968
2022002,铁路机务工程技术人员,0.278892007,0.25112709,0.264659209
2022003,铁路车辆工程技术人员,0.278892007,0.25112709,0.264659209
2022099,其他铁路工程技术人员,0.279504162,0.264947138,0.272041968
2022101,城镇规划设计工程技术人员,0.279504162,0.264947138,0.272041968
2022102,建筑设计工程技术人员,0.279504162,0.264947138,0.272041968
2022103,土木建筑工程技术人员,0.279504162,0.264947138,0.272041968
2022104,风景园林工程技术人员,0.279504162,0.264947138,0.272041968
2022105,道路与桥梁工程技术人员,0.279504162,0.264947138,0.272041968
2022106,港口与航道工程技术人员,0.279504162,0.264947138,0.272041968
2022107,机场工程技术人员,0.279504162,0.264947138,0.272041968
2022108,铁路建筑工程技术人员,0.279504162,0.264947138,0.272041968
2022109,水利水电建筑工程技术人员,0.279504162,0.264947138,0.272041968
2022199,其他建筑工程技术人员,0.279504162,0.264947138,0.272041968
2022201,硅酸盐工程技术人员,0.192897132,0.189830005,0.191324867
2022202,非金属矿及制品工程技术人员,0.192897132,0.189830005,0.191324867
2022203,无机非金属新材料工程技术人员,0.192897132,0.189830005,0.191324867
2022299,其他建材工程技术人员,0.192897132,0.189830005,0.191324867
2022301,林业生态环境工程技术人员,0.186604776,0.18426769,0.185406743
2022302,森林培育工程技术人员,0.186604776,0.18426769,0.185406743
2022303,园林绿化工程技术人员,0.279504162,0.264947138,0.272041968
2022304,野生动物保护与繁殖利用工程技术人员,0.186604776,0.18426769,0.185406743
2022305,自然保护区工程技术人员,0.186604776,0.18426769,0.185406743
2022306,森林保护工程技术人员,0.186604776,0.18426769,0.185406743
2022307,木、竹材加工工程技术人员,0.279504162,0.264947138,0.272041968
2022308,森林采伐和运输工程技术人员,0.279504162,0.264947138,0.272041968
2022309,经济林和林特产品加工工程技术人员,0.186604776,0.18426769,0.185406743
2022310,森林资源管理与监测工程技术人员,0.186604776,0.18426769,0.185406743
2022399,其他林业工程技术人员,0.186604776,0.18426769,0.185406743
2022401,水资源工程技术人员,0.279504162,0.264947138,0.272041968
2022402,治河及泥沙治理工程技术人员,0.279504162,0.264947138,0.272041968
2022499,其他水利工程技术人员,0.279504162,0.264947138,0.272041968
2022501,海洋调查与监测工程技术人员,0.285147582,0.27694653,0.280943574
2022502,海洋环境预报工程技术人员,0.285147582,0.27694653,0.280943574
2022503,海洋资源开发利用和保护工程技术人员,0.186604776,0.18426769,0.185406743
2022504,海洋工程勘察设计工程技术人员,0.279504162,0.264947138,0.272041968
2022599,其他海洋工程技术人员,0.279504162,0.264947138,0.272041968
2022601,水产养殖工程技术人员,0.186604776,0.18426769,0.185406743
2022602,渔业资源开发利用工程技术人员,0.186604776,0.18426769,0.185406743
2022699,其他水产工程技术人员,0.186604776,0.18426769,0.185406743
2022701,纺纱工程技术人员,0.279504162,0.264947138,0.272041968
2022702,织造工程技术人员,0.279504162,0.264947138,0.272041968
2022703,染整工程技术人员,0.280179904,0.265676603,0.27274525
2022799,其他纺织工程技术人员,0.279504162,0.264947138,0.272041968
2022800,食品工程技术人员,0.279504162,0.264947138,0.272041968
2022901,气象观测人员,0.285147582,0.27694653,0.280943574
2022902,天气预报人员,0.285147582,0.27694653,0.280943574
2022903,气候监测预测人员,0.285147582,0.27694653,0.280943574
2022904,应用气象人员,0.285147582,0.27694653,0.280943574
2022905,气象服务人员,0.285147582,0.27694653,0.280943574
2022999,其他气象工程技术人员,0.285147582,0.27694653,0.280943574
2023000,地震工程技术人员,0.285147582,0.27694653,0.280943574
2023101,环境损害控制工程技术人员,0.279504162,0.264947138,0.272041968
2023102,环境监测工程技术人员,0.279504162,0.264947138,0.272041968
2023103,环境污染治理工程技术人员,0.279504162,0.264947138,0.272041968
2023199,其他环境保护工程技术人员,0.279504162,0.264947138,0.272041968
2023200,安全工程技术人员,0.279504162,0.264947138,0.272041968
2023301,标准化工程技术人员,0.516445171,0.516375994,0.516409709
2023302,计量工程技术人员,0.516445171,0.516375994,0.516409709
2023303,质量工程技术人员,0.516445171,0.516375994,0.516409709
2023399,其他标准化、计量、质量工程技术人员,0.516445171,0.516375994,0.516409709
2023401,普通工业工程技术人员,0.279504162,0.264947138,0.272041968
2023402,系统规划与管理工程技术人员,0.343315124,0.335226276,0.339168634
2023403,设施规划与设计工程技术人员,0.279504162,0.264947138,0.272041968
2023404,生产组织与管理工程技术人员,0.343315124,0.335226276,0.339168634
2023405,质量管理与可靠性控制工程技术人员,0.516445171,0.516375994,0.516409709
2023406,营销工程技术人员,0.341585939,0.314826752,0.327868697
2023407,人力资源开发与管理工程技术人员,0.339732741,0.326660934,0.333031897
2023499,其他管理（工业）工程技术人员,0.343315124,0.335226276,0.339168634
2029900,其他工程技术人员,0.279504162,0.264947138,0.272041968
2030100,土壤肥料技术人员,0.186604776,0.18426769,0.185406743
2030200,植物保护技术人员,0.186604776,0.18426769,0.185406743
2030300,园艺技术人员,0.186604776,0.18426769,0.185406743
2030400,作物遗传育种栽培技术人员,0.186604776,0.18426769,0.185406743
2030601,畜牧技术人员,0.186604776,0.18426769,0.185406743
2030602,草业技术人员,0.186604776,0.18426769,0.185406743
2030699,其他畜牧与草业技术人员,0.186604776,0.18426769,0.185406743
2039900,其他农业技术人员,0.186604776,0.18426769,0.185406743
2040101,飞行驾驶员,0.480985245,0.465290159,0.47293966
2040102,飞行机械员,0.480985245,0.465290159,0.47293966
2040103,飞行领航员,0.480985245,0.465290159,0.47293966
2040104,飞行通信员,0.480985245,0.465290159,0.47293966
2040199,其他飞行人员和领航人员,0.480985245,0.465290159,0.47293966
2040201,甲板部技术人员,0.481640763,0.480515874,0.481064125
2040202,轮机部技术人员,0.481640763,0.480515874,0.481064125
2040203,船舶引航员,0.481640763,0.480515874,0.481064125
2040299,其他船舶指挥和引航人员,0.481640763,0.480515874,0.481064125
2050501,流行病学医师,0.130040412,0.115376427,0.122523388
2050502,营养与食品卫生医师,0.130040412,0.115376427,0.122523388
2050503,环境卫生医师,0.130040412,0.115376427,0.122523388
2050504,职业病医师,0.130040412,0.115376427,0.122523388
2050505,劳动（职业）卫生医师,0.130040412,0.115376427,0.122523388
2050506,放射卫生医师,0.130040412,0.115376427,0.122523388
2050507,少儿和学校卫生医师,0.130040412,0.115376427,0.122523388
2050599,其他公共卫生医师,0.130040412,0.115376427,0.122523388
2050601,西药剂师,0.216728826,0.209843935,0.213199507
2050602,中药剂师,0.216728826,0.209843935,0.213199507
2050699,其他药剂人员,0.216728826,0.209843935,0.213199507
2050701,影像技师,0.399972363,0.399879759,0.399924892
2050702,麻醉技师,0.210087962,0.197478013,0.203623874
2050703,病理技师,0.210087962,0.197478013,0.203623874
2050704,临床检验技师,0.54470032,0.557929964,0.551482075
2050705,公卫检验技师,0.54470032,0.557929964,0.551482075
2050706,卫生工程技师,0.210087962,0.197478013,0.203623874
2050707,输（采供）血技师,0.210087962,0.197478013,0.203623874
2050799,其他医疗技术人员,0.210087962,0.197478013,0.203623874
2050801,病房护士,0.186112768,0.180623038,0.183298633
2050802,门诊护士,0.186112768,0.180623038,0.183298633
2050803,急诊护士,0.186112768,0.180623038,0.183298633
2050804,手术室护士,0.186112768,0.180623038,0.183298633
2050805,供应室护士,0.186112768,0.180623038,0.183298633
2050806,社区护士,0.186112768,0.180623038,0.183298633
2050807,助产士,0.186112768,0.180623038,0.183298633
2050899,其他护理人员,0.186112768,0.180623038,0.183298633
2059900,其他卫生专业技术人员,0.317751338,0.311347505,0.314468617
2060100,经济计划人员,0.164753239,0.147573604,0.155946648
2060200,统计人员,0.200228722,0.192761989,0.19640114
2060300,会计人员,0.339732741,0.326660934,0.333031897
2060400,审计人员,0.339732741,0.326660934,0.333031897
2060500,国际商务人员,0.341585939,0.314826752,0.327868697
2070101,银行货币发行员,0.164753239,0.147573604,0.155946648
2070102,银行国库业务员,0.339732741,0.326660934,0.333031897
2070103,银行外汇管理员,0.164753239,0.147573604,0.155946648
2070104,银行清算员,0.339732741,0.326660934,0.333031897
2070105,银行信贷员,0.164753239,0.147573604,0.155946648
2070106,银行国外业务员,0.164753239,0.147573604,0.155946648
2070107,银行信托业务员,0.164753239,0.147573604,0.155946648
2070108,银行信用卡业务员,0.341585939,0.314826752,0.327868697
2070109,银行储蓄员,0.560100516,0.564992399,0.562608184
2070201,精算师,0.200228722,0.192761989,0.19640114
2070202,保险推销员,0.341585939,0.314826752,0.327868697
2070301,证券发行员,0.164753239,0.147573604,0.155946648
2070302,证券交易员,0.164753239,0.147573604,0.155946648
2070303,证券投资顾问,0.164753239,0.147573604,0.155946648
2080100,法官,0.343640243,0.359327837,0.351681987
2080200,检察官,0.343640243,0.359327837,0.351681987
2080300,律师,0.123917408,0.107050906,0.115271334
2080400,公证员,0.377102005,0.382031111,0.379628754
2080501,法医,0.54470032,0.557929964,0.551482075
2080599,其他司法鉴定人员,0.54470032,0.557929964,0.551482075
2080600,书记员,0.624797444,0.619535119,0.622099881
2089900,其他法律专业人员,0.377102005,0.382031111,0.379628754
2090100,高等教育教师,0.228848035,0.225838827,0.227305461
2090201,中等职业教育理论教师,0.315003914,0.300576953,0.307608393
2090202,实习指导教师,0.315003914,0.300576953,0.307608393
2090299,其他中等职业教育教师,0.315003914,0.300576953,0.307608393
2090300,中学教师,0.333542751,0.339811155,0.336756048
2090400,小学教师,0.555321744,0.569063539,0.562366036
2090500,幼儿教师,0.312252651,0.339494625,0.326217379
2100101,文学作家,0.479104358,0.467689284,0.473252785
2100102,曲艺作家,0.479104358,0.467689284,0.473252785
2100103,剧作家,0.479104358,0.467689284,0.473252785
2100104,作曲家,0.479104358,0.467689284,0.473252785
2100105,词作家,0.479104358,0.467689284,0.473252785
2100106,文艺评论员,0.479104358,0.467689284,0.473252785
2100107,皮影戏木偶戏作家,0.479104358,0.467689284,0.473252785
2100199,其他文艺创作和评论人员,0.479104358,0.467689284,0.473252785
2100201,电影电视导演,0.727413868,0.746007211,0.736945151
2100202,戏剧导演,0.727413868,0.746007211,0.736945151
2100203,舞蹈编导,0.727413868,0.746007211,0.736945151
2100204,音乐指挥,0.479104358,0.467689284,0.473252785
2100299,其他编导和音乐指挥人员,0.727413868,0.746007211,0.736945151
2100301,电影电视演员,0.479104358,0.467689284,0.473252785
2100302,戏剧演员,0.479104358,0.467689284,0.473252785
2100303,舞蹈演员,0.479104358,0.467689284,0.473252785
2100304,曲艺演员,0.479104358,0.467689284,0.473252785
2100305,杂技魔术演员,0.479104358,0.467689284,0.473252785
2100306,歌唱演员,0.479104358,0.467689284,0.473252785
2100307,皮影戏演员,0.479104358,0.467689284,0.473252785
2100308,木偶戏演员,0.479104358,0.467689284,0.473252785
2100399,其他演员,0.479104358,0.467689284,0.473252785
2100401,民族乐器演奏员,0.479104358,0.467689284,0.473252785
2100402,外国乐器演奏员,0.479104358,0.467689284,0.473252785
2100499,其他乐器演奏员,0.479104358,0.467689284,0.473252785
2100501,电影电视制片,0.727413868,0.746007211,0.736945151
2100502,电影电视场记,0.526432486,0.535575224,0.531119219
2100503,电影电视摄影师,0.526432486,0.535575224,0.531119219
2100504,照明师,0.526432486,0.535575224,0.531119219
2100505,录音师,0.526432486,0.535575224,0.531119219
2100506,剪辑师,0.526432486,0.535575224,0.531119219
2100507,美工师,0.526432486,0.535575224,0.531119219
2100510,道具师,0.526432486,0.535575224,0.531119219
2100511,电影电视片发行人,0.341585939,0.314826752,0.327868697
2100512,舞台监督,0.727413868,0.746007211,0.736945151
2100513,戏剧制作人,0.727413868,0.746007211,0.736945151
2100599,其他电影电视制作及舞台专业人员,0.526432486,0.535575224,0.531119219
2100601,画家,0.479104358,0.467689284,0.473252785
2100602,篆刻家,0.479104358,0.467689284,0.473252785
2100603,雕塑家,0.479104358,0.467689284,0.473252785
2100604,书法家,0.479104358,0.467689284,0.473252785
2100605,陶艺家,0.479104358,0.467689284,0.473252785
2100699,其他美术专业人员,0.479104358,0.467689284,0.473252785
2100701,特种工艺设计人员,0.529977888,0.546520127,0.538457738
2100702,实用工艺设计人员,0.529977888,0.546520127,0.538457738
2100703,现代工艺设计人员,0.529977888,0.546520127,0.538457738
2100704,装潢美术设计人员,0.529977888,0.546520127,0.538457738
2100705,服装设计人员,0.529977888,0.546520127,0.538457738
2100706,室内装饰设计人员,0.529977888,0.546520127,0.538457738
2100707,陈列展览设计人员,0.529977888,0.546520127,0.538457738
2100708,广告设计人员,0.529977888,0.546520127,0.538457738
2100799,其他工艺美术专业人员,0.529977888,0.546520127,0.538457738
2110101,教练员,0.513052553,0.518671512,0.515932933
2110102,裁判员,0.513052553,0.518671512,0.515932933
2110103,运动员,0.437117342,0.4023251,0.419282211
2120101,文字记者,0.451293967,0.455327226,0.453361488
2120102,摄影记者,0.451293967,0.455327226,0.453361488
2120199,其他记者,0.451293967,0.455327226,0.453361488
2120201,文字编辑,0.451293967,0.455327226,0.453361488
2120202,美术编辑,0.451293967,0.455327226,0.453361488
2120203,技术编辑,0.451293967,0.455327226,0.453361488
2120204,电子出版物编辑,0.451293967,0.455327226,0.453361488
2120299,其他编辑,0.451293967,0.455327226,0.453361488
2120300,校对员,0.633560345,0.641802372,0.637785357
2120401,播音员,0.451293967,0.455327226,0.453361488
2120402,节目主持人,0.451293967,0.455327226,0.453361488
2120499,其他播音员及节目主持人,0.451293967,0.455327226,0.453361488
2120500,翻译,0.270852045,0.297904476,0.284719609
2120602,档案业务人员,0.262199247,0.24205976,0.251875382
2120603,缩微摄影人员,0.526432486,0.535575224,0.531119219
2120701,考古工作者,0.176347953,0.172448452,0.174348998
2120702,文物鉴定和保管人员,0.262199247,0.24205976,0.251875382
2120703,文物保护专业人员,0.537444839,0.537693376,0.537572243
2120799,其他考古及文物保护专业人员,0.537444839,0.537693376,0.537572243
2130000,宗教职业者,0.262092299,0.257716449,0.259849159
3010101,行政业务办公人员,0.624797444,0.619535119,0.622099881
3010102,行政执法人员,0.28173686,0.2730965,0.277307655
3010199,其他行政业务人员,0.624797444,0.619535119,0.622099881
3010201,秘书,0.633560345,0.641802372,0.637785357
3010202,公关员,0.124411437,0.095608144,0.109646349
3010204,打字员,0.633560345,0.641802372,0.637785357
3010205,计算机操作员,0.624797444,0.619535119,0.622099881
3010206,制图员,0.464941265,0.468577458,0.466805243
3020100,人民警察,0.332606265,0.31960428,0.325941213
3020201,保安员,0.277241194,0.277211116,0.277225776
3020202,违禁品检查员,0.452897169,0.455826144,0.454398615
3020203,金融守押员,0.277241194,0.277211116,0.277225776
3020299,其他治安保卫人员,0.452897169,0.455826144,0.454398615
3020301,灭火员,0.296454013,0.300481088,0.298518365
3020302,消防抢险救援员,0.296454013,0.300481088,0.298518365
3020303,防火员,0.296454013,0.300481088,0.298518365
3020304,建 (构) 筑物消防员,0.296454013,0.300481088,0.298518365
3020305,火灾瞭望观察员,0.296454013,0.300481088,0.298518365
3020399,其他消防人员,0.296454013,0.300481088,0.298518365
3029900,其他安全保卫和消防人员,0.452897169,0.455826144,0.454398615
3030101,邮政营业员,0.417211171,0.407412401,0.412188145
3030102,邮件处理员,0.54196569,0.54647482,0.544277151
3030104,邮政储汇员,0.560100516,0.564992399,0.562608184
3030105,报刊发行员,0.54263199,0.554440414,0.548685202
3030106,集邮业务员,0.417211171,0.407412401,0.412188145
3030108,邮政机务员,0.468301556,0.465439965,0.466834653
3030199,其他邮政业务人员,0.429124885,0.438986495,0.434180125
3030201,电信业务营业员,0.417211171,0.407412401,0.412188145
3030202,话务员,0.54196569,0.54647482,0.544277151
3030203,报务员,0.54196569,0.54647482,0.544277151
3030299,其他电信业务人员,0.429124885,0.438986495,0.434180125
3030301,传输机务员,0.468301556,0.465439965,0.466834653
3030302,线务员,0.577837834,0.583804179,0.58089629
3030303,电话电报交换机务员,0.468301556,0.465439965,0.466834653
3030304,用户通信终端维修员,0.577837834,0.583804179,0.58089629
3030305,通信电力机务员,0.468301556,0.465439965,0.466834653
3030306,市话测量员,0.468301556,0.465439965,0.466834653
3030399,其他电信通信传输业务人员,0.468301556,0.465439965,0.466834653
3039900,其他邮政和电信业务人员,0.429124885,0.438986495,0.434180125
4010101,营业员,0.268590147,0.264242443,0.266361435
4010102,收银员,0.478626773,0.494751424,0.48689256
4010201,推销员,0.54263199,0.554440414,0.548685202
4010202,出版物发行员,0.268590147,0.264242443,0.266361435
4010203,服装模特,0.54263199,0.554440414,0.548685202
4010301,采购员,0.474618059,0.467539324,0.470989372
4010302,收购员,0.474618059,0.467539324,0.470989372
4010303,中药购销员,0.268590147,0.264242443,0.266361435
4010399,其他采购人员,0.474618059,0.467539324,0.470989372
4010401,鉴定估价师,0.383877421,0.390073951,0.387053874
4010402,拍卖师,0.407547072,0.405466299,0.406480431
4010403,典当业务员,0.407547072,0.405466299,0.406480431
4010404,租赁业务员,0.407547072,0.405466299,0.406480431
4010501,废旧物资回收挑选工,1,1,1
4010502,废旧物资加工工,1,1,1
4010503,船体拆解工,1,1,1
4010601,粮油管理员,0.474618059,0.467539324,0.470989372
4010699,其他粮油管理人员,0.474618059,0.467539324,0.470989372
4010701,商品监督员,0.28173686,0.2730965,0.277307655
4010702,市场管理员,0.28173686,0.2730965,0.277307655
4010799,其他商品监督和市场管理人员,0.471250616,0.467005907,0.469074701
4019901,医药商品购销员,0.268590147,0.264242443,0.266361435
4019902,中药调剂员,0.210087962,0.197478013,0.203623874
4019903,摊商,0.54263199,0.554440414,0.548685202
4020101,保管员,0.703828228,0.724634977,0.714494143
4020103,商品养护员,0.703828228,0.724634977,0.714494143
4020104,保鲜员,0.703828228,0.724634977,0.714494143
4020105,冷藏工,0.703828228,0.724634977,0.714494143
4020199,其他保管人员,0.703828228,0.724634977,0.714494143
4030101,中式烹调师,0.726047252,0.73117425,0.728675444
4030102,中式面点师,0.726047252,0.73117425,0.728675444
4030199,其他中餐烹饪人员,0.726047252,0.73117425,0.728675444
4030201,西式烹调师,0.726047252,0.73117425,0.728675444
4030202,西式面点师,0.726047252,0.73117425,0.728675444
4030299,其他西餐烹饪人员,0.726047252,0.73117425,0.728675444
4030502,餐具清洗保管员,0.749917821,0.758142759,0.754134073
4040101,前厅服务员,0.742661837,0.750340656,0.746598138
4040102,客房服务员,0.856125063,0.864110705,0.860218648
4040103,旅店服务员,0.856125063,0.864110705,0.860218648
4040201,导游,0.581611176,0.591801563,0.586834952
4040207,园林植物保护工,0.690854883,0.686025511,0.68837926
4040208,观赏动物饲养工,0.690854883,0.686025511,0.68837926
4040301,社会体育指导员,0.513052553,0.518671512,0.515932933
4040302,体育场地工,0.689632284,0.692921357,0.691318322
4060101,医疗临床辅助服务员,0.412775903,0.398060187,0.405232361
4060102,药房辅助员,0.412775903,0.398060187,0.405232361
4060103,卫生防疫、妇幼保健员,0.412775903,0.398060187,0.405232361
4060199,其他医疗卫生辅助服务人员,0.412775903,0.398060187,0.405232361
4070101,中介代理人,0.407547072,0.405466299,0.406480431
4070102,职业指导员,0.451091585,0.451698917,0.451402914
4070201,物业管理员,0.19825564,0.181258167,0.189542428
4070299,其他物业管理人员,0.19825564,0.181258167,0.189542428
4070301,供水生产工,0.62504381,0.625030085,0.625036775
4070302,供水供应工,0.62504381,0.625030085,0.625036775
4070303,生活燃料供应工,0.535783404,0.516439191,0.525867211
4070304,锅炉操作工,0.741948571,0.739127355,0.740502365
4070501,摄影师,0.788439383,0.765444748,0.776651918
4070502,冲印师,0.788439383,0.765444748,0.776651918
4070599,其他摄影服务人员,0.788439383,0.765444748,0.776651918
4070701,洗衣师,0.661305748,0.677877986,0.669800977
4070702,染色师,0.661305748,0.677877986,0.669800977
4070799,其他洗染织补人员,0.661305748,0.677877986,0.669800977
4070901,刻制印章工,0.749289212,0.758756349,0.754142237
4070999,其他印章刻字人员,0.749289212,0.758756349,0.754142237
4071001,家用电子产品维修工,0.575739034,0.580831854,0.578349706
4071002,家用电器产品维修工,0.575739034,0.580831854,0.578349706
4071003,照相器材维修工,0.575739034,0.580831854,0.578349706
4071004,钟表维修工,0.575739034,0.580831854,0.578349706
4071005,乐器维修工,0.575739034,0.580831854,0.578349706
4071006,自行车维修工,0.575739034,0.580831854,0.578349706
4071099,其他日用机电产品维修人员,0.575739034,0.580831854,0.578349706
4071101,办公设备维修工,0.575739034,0.580831854,0.578349706
4071199,其他办公设备维修人员,0.575739034,0.580831854,0.578349706
4071201,保育员,0.703828228,0.724634977,0.714494143
4071202,家庭服务员,0.703828228,0.724634977,0.714494143
4071299,其他保育、家庭服务人员,0.703828228,0.724634977,0.714494143
4071301,垃圾清运工,1,1,1
4071302,保洁员,0.876505357,0.885177264,0.880950733
4071401,殡仪服务员,0.644523738,0.646372945,0.645471674
4071402,尸体接运工,0.644523738,0.646372945,0.645471674
4071403,尸体防腐工,0.644523738,0.646372945,0.645471674
4071404,尸体整容工,0.644523738,0.646372945,0.645471674
4071405,尸体火化工,0.644523738,0.646372945,0.645471674
4071406,墓地管理员,0.644523738,0.646372945,0.645471674
4071499,其他殡葬服务人员,0.644523738,0.646372945,0.645471674
5010101,艺工,0.690566426,0.691612952,0.691102894
5010102,酒花生产工,0.690566426,0.691612952,0.691102894
5010103,物种子繁育工,0.690566426,0.691612952,0.691102894
5010104,作物植保工,0.690566426,0.691612952,0.691102894
5010199,其他大田作物生产人员,0.690566426,0.691612952,0.691102894
5010201,农业实验工,0.690566426,0.691612952,0.691102894
5010202,情测报员,0.690566426,0.691612952,0.691102894
5010299,其他农业实验人员,0.690566426,0.691612952,0.691102894
5010301,菜园艺工,0.690566426,0.691612952,0.691102894
5010302,卉园艺工,0.690566426,0.691612952,0.691102894
5010303,茶、桑园艺工,0.690566426,0.691612952,0.691102894
5010304,类园艺工,0.690566426,0.691612952,0.691102894
5010399,其他园艺作物生产人员,0.690566426,0.691612952,0.691102894
5010401,然橡胶生产工,0.672348033,0.673513091,0.672945263
5010402,麻生产工,0.672348033,0.673513091,0.672945263
5010499,其他热带作物生产人员,0.672348033,0.673513091,0.672945263
5010501,药材种植员,0.672348033,0.673513091,0.672945263
5010502,药材养殖员,0.672348033,0.673513091,0.672945263
5010503,药材生产管理员,0.672348033,0.673513091,0.672945263
5010599,其他中药材生产人员,0.672348033,0.673513091,0.672945263
5010601,花加工工,0.690854883,0.686025511,0.68837926
5010602,类产品加工工,0.690854883,0.686025511,0.68837926
5010603,叶加工工,0.690854883,0.686025511,0.68837926
5010604,菜加工工,0.690854883,0.686025511,0.68837926
5010605,藤、麻、棕、草制品加工工,0.562678103,0.567652973,0.565228311
5010606,种植物原料加工工,0.690854883,0.686025511,0.68837926
5010699,其他农副林特产品加工人员,0.690854883,0.686025511,0.68837926
5020101,木种苗工,0.690854883,0.686025511,0.68837926
5020102,林更新工,0.690854883,0.686025511,0.68837926
5020103,育采伐工,0.690854883,0.686025511,0.68837926
5020104,林试验工,0.690854883,0.686025511,0.68837926
5020199,其他营造林人员,0.690854883,0.686025511,0.68837926
5020201,林员,0.690854883,0.686025511,0.68837926
5020202,林病虫害防治员,0.690854883,0.686025511,0.68837926
5020299,其他森林资源管护人员,0.690854883,0.686025511,0.68837926
5020301,生动物保护员,0.690854883,0.686025511,0.68837926
5020302,生植物保护员,0.690854883,0.686025511,0.68837926
5020303,然保护区巡护监测员,0.690854883,0.686025511,0.68837926
5020304,本员,0.690854883,0.686025511,0.68837926
5020399,其他野生动植物保护及自然保护区人员,0.690854883,0.686025511,0.68837926
5020401,材采伐工,0.690854883,0.686025511,0.68837926
5020402,材作业工,0.690854883,0.686025511,0.68837926
5020403,材水运工,0.690854883,0.686025511,0.68837926
5020404,卸归楞工,0.690854883,0.686025511,0.68837926
5020499,其他木材采运人员,0.690854883,0.686025511,0.68837926
5030101,畜饲养工,0.690854883,0.686025511,0.68837926
5030102,畜繁殖工,0.690854883,0.686025511,0.68837926
5030199,其他家畜饲养人员,0.690854883,0.686025511,0.68837926
5030201,禽饲养工,0.690854883,0.686025511,0.68837926
5030202,禽繁殖工,0.690854883,0.686025511,0.68837926
5030299,其他家禽饲养人员,0.690854883,0.686025511,0.68837926
5030301,蜂饲养工,0.690854883,0.686025511,0.68837926
5030302,产品加工工,0.690854883,0.686025511,0.68837926
5030399,其他蜜蜂饲养人员,0.690854883,0.686025511,0.68837926
5030401,验动物饲养工,0.690854883,0.686025511,0.68837926
5030499,其他实验动物饲养人员,0.690854883,0.686025511,0.68837926
5030501,物疫病防治员,0.690854883,0.686025511,0.68837926
5030502,医化验员,0.690854883,0.686025511,0.68837926
5030503,物检疫检验员,0.690854883,0.686025511,0.68837926
5030504,兽医员,0.690854883,0.686025511,0.68837926
5030599,其他动物疫病防治人员,0.690854883,0.686025511,0.68837926
5030601,地监护员,0.690854883,0.686025511,0.68837926
5030602,草工,0.690854883,0.686025511,0.68837926
5030603,坪建植工,0.690854883,0.686025511,0.68837926
5030699,其他草业生产人员,0.690854883,0.686025511,0.68837926
5050104,工检测工,0.516445171,0.516375994,0.516409709
5050302,土保持测试工,0.516445171,0.516375994,0.516409709
5050303,土保持勘测工,0.464941265,0.468577458,0.466805243
5050401,文勘测工,0.464941265,0.468577458,0.466805243
5050402,文勘测船工,0.464941265,0.468577458,0.466805243
5050499,其他水文勘测作业人员,0.464941265,0.468577458,0.466805243
5990101,拉机驾驶员,0.716013121,0.697315303,0.706428282
5990102,合收割机驾驶员,0.716013121,0.697315303,0.706428282
5990103,用运输车驾驶员,0.716013121,0.697315303,0.706428282
5990199,其他农林专用机械操作人员,0.716013121,0.697315303,0.706428282
5990201,气生产工,0.535783404,0.516439191,0.525867211
5990202,村节能员,0.535783404,0.516439191,0.525867211
5990203,用太阳能设施工,0.535783404,0.516439191,0.525867211
5990204,物质能设备工,0.535783404,0.516439191,0.525867211
5990299,其他农村能源开发利用人员,0.535783404,0.516439191,0.525867211
6010101,钻探工,0.243827634,0.247548715,0.245735127
6010102,坑探工,0.243827634,0.247548715,0.245735127
6010103,物探工,0.468301556,0.465439965,0.466834653
6010104,采样工,0.468301556,0.465439965,0.466834653
6010105,水文地质工,0.468301556,0.465439965,0.466834653
6010106,海洋地质取样工,0.468301556,0.465439965,0.466834653
6010107,海洋土质试验工,0.468301556,0.465439965,0.466834653
6010108,碎样工,0.243827634,0.247548715,0.245735127
6010109,磨片工,0.468301556,0.465439965,0.466834653
6010110,淘洗工,0.243827634,0.247548715,0.245735127
6010111,劈岩与保管工,0.243827634,0.247548715,0.245735127
6010199,其他地质勘查人员,0.243827634,0.247548715,0.245735127
6010201,大地测量工,0.464941265,0.468577458,0.466805243
6010202,摄影测量工,0.464941265,0.468577458,0.466805243
6010203,地图制图工,0.464941265,0.468577458,0.466805243
6010204,工程测量工,0.464941265,0.468577458,0.466805243
6010205,地籍测绘工,0.464941265,0.468577458,0.466805243
6010299,其他测绘人员,0.464941265,0.468577458,0.466805243
6010301,露天采矿挖掘机司机,0.743284412,0.736406193,0.739758513
6010302,钻孔机司机,0.743284412,0.736406193,0.739758513
6010303,井筒冻结工,0.243827634,0.247548715,0.245735127
6010304,矿井开掘工,0.243827634,0.247548715,0.245735127
6010305,井下采矿工,0.243827634,0.247548715,0.245735127
6010306,支护工,0.243827634,0.247548715,0.245735127
6010307,矿山提升机操作工,0.743284412,0.736406193,0.739758513
6010308,矿井机车运输工,0.743284412,0.736406193,0.739758513
6010309,矿井通风工,0.243827634,0.247548715,0.245735127
6010310,矿山安全监测工,0.516445171,0.516375994,0.516409709
6010311,矿山检查验收工,0.516445171,0.516375994,0.516409709
6010312,矿灯、自救器管理工,0.580501082,0.584758169,0.582683341
6010313,火工品管理工,0.580501082,0.584758169,0.582683341
6010314,矿山救护工,0.51371766,0.516238224,0.515009747
6010315,矿物开采辅助工,0.580501082,0.584758169,0.582683341
6010399,其他矿物开采人员,0.580501082,0.584758169,0.582683341
6010401,筛选破碎工,0.792325566,0.793767407,0.79306468
6010402,重力选矿工,0.792325566,0.793767407,0.79306468
6010403,浮选工,0.792325566,0.793767407,0.79306468
6010404,磁选工,0.792325566,0.793767407,0.79306468
6010405,选矿脱水工,0.792325566,0.793767407,0.79306468
6010406,尾矿处理工,0.792325566,0.793767407,0.79306468
6010407,磨矿工,0.792325566,0.793767407,0.79306468
6010408,水煤浆制备工,0.792325566,0.793767407,0.79306468
6010409,动力配煤工,0.792325566,0.793767407,0.79306468
6010410,工业型煤工,0.792325566,0.793767407,0.79306468
6010499,其他矿物处理人员,0.735849535,0.738818843,0.737371656
6010501,井架安装工,0.833587396,0.84424568,0.839051025
6010502,钻井工,0.743284412,0.736406193,0.739758513
6010503,固井工,0.743284412,0.736406193,0.739758513
6010505,水下设备操作工,0.743284412,0.736406193,0.739758513
6010601,油、气井测试工,0.492767568,0.491582367,0.492160013
6010602,采油工,0.743284412,0.736406193,0.739758513
6010603,采气工,0.743284412,0.736406193,0.739758513
6010604,井下作业工,0.743284412,0.736406193,0.739758513
6010605,天然气净化工,0.756610815,0.763519166,0.760152161
6010606,油气输送工,0.733516345,0.727812895,0.730592654
6010607,油气管道保护工,0.715673891,0.725031119,0.720470575
6010701,海盐晒制工,0.697366505,0.698006164,0.697694406
6010702,海盐采收工,0.697366505,0.698006164,0.697694406
6010703,湖盐采掘工,0.697366505,0.698006164,0.697694406
6010704,湖盐脱水工,0.697366505,0.698006164,0.697694406
6010705,驳筑、集拆坨盐工,0.697366505,0.698006164,0.697694406
6010706,井矿盐采卤工,0.697366505,0.698006164,0.697694406
6010707,井矿盐卤水净化工,0.697366505,0.698006164,0.697694406
6010708,真空制盐工,0.697366505,0.698006164,0.697694406
6010709,冷冻提硝工,0.697366505,0.698006164,0.697694406
6010710,苦卤综合利用工,0.697366505,0.698006164,0.697694406
6010711,精制盐工,0.697366505,0.698006164,0.697694406
6010799,其他盐业生产人员,0.697366505,0.698006164,0.697694406
6019901,其他勘测及矿物开采人员,0.580501082,0.584758169,0.582683341
6020101,烧结球团原料工,0.738387613,0.739687892,0.73905416
6020102,烧结工,0.738387613,0.739687892,0.73905416
6020103,球团焙烧工,0.738387613,0.739687892,0.73905416
6020104,烧结成品工,0.738387613,0.739687892,0.73905416
6020105,高炉原料工,0.738387613,0.739687892,0.73905416
6020106,高炉炉前工,0.738387613,0.739687892,0.73905416
6020107,高炉运转工,0.738387613,0.739687892,0.73905416
6020201,炼钢原料工,0.738387613,0.739687892,0.73905416
6020202,平炉炼钢工,0.738387613,0.739687892,0.73905416
6020203,转炉炼钢工,0.738387613,0.739687892,0.73905416
6020204,电炉炼钢工,0.738387613,0.739687892,0.73905416
6020205,炼钢浇铸工,0.738387613,0.739687892,0.73905416
6020206,炼钢准备工,0.738387613,0.739687892,0.73905416
6020207,整脱模工,0.738387613,0.739687892,0.73905416
6020301,铁合金原料工,0.738387613,0.739687892,0.73905416
6020302,铁合金电炉冶炼工,0.738387613,0.739687892,0.73905416
6020303,铁合金焙烧工,0.738387613,0.739687892,0.73905416
6020304,铁合金湿法冶炼工,0.756610815,0.763519166,0.760152161
6020305,铁合金炉外法冶炼工,0.738387613,0.739687892,0.73905416
6020401,重冶备料工,0.738387613,0.739687892,0.73905416
6020402,焙烧工,0.738387613,0.739687892,0.73905416
6020403,火法冶炼工,0.738387613,0.739687892,0.73905416
6020404,湿法冶炼工,0.756610815,0.763519166,0.760152161
6020405,电解精炼工,0.738387613,0.739687892,0.73905416
6020406,烟气制酸工,0.756610815,0.763519166,0.760152161
6020501,氧化铝制取工,0.756610815,0.763519166,0.760152161
6020502,铝电解工,0.738387613,0.739687892,0.73905416
6020503,镁冶炼工,0.738387613,0.739687892,0.73905416
6020504,硅冶炼工,0.738387613,0.739687892,0.73905416
6020601,钨钼冶炼工,0.738387613,0.739687892,0.73905416
6020602,钽铌冶炼工,0.738387613,0.739687892,0.73905416
6020603,钛冶炼工,0.738387613,0.739687892,0.73905416
6020604,稀土冶炼工,0.756610815,0.763519166,0.760152161
6020605,贵金属冶炼工,0.738387613,0.739687892,0.73905416
6020606,锂冶炼工,0.738387613,0.739687892,0.73905416
6020701,半导体原料制备工,0.741948571,0.739127355,0.740502365
6020702,多晶制取工,0.741948571,0.739127355,0.740502365
6020801,轧制原料工,0.738387613,0.739687892,0.73905416
6020802,金属轧制工,0.738387613,0.739687892,0.73905416
6020803,酸洗工,0.64688642,0.648521876,0.647724784
6020804,金属材涂层工,0.64688642,0.648521876,0.647724784
6020805,金属材热处理工,0.777245669,0.782795088,0.780090401
6020806,焊管工,0.722399267,0.724693698,0.723575434
6020810,铸轧工,0.738387613,0.739687892,0.73905416
6020811,钢丝绳制造工,0.765517969,0.779418817,0.772643795
6020901,铸管备品工,0.870359164,0.880216363,0.875412142
6020902,铸管工,0.870359164,0.880216363,0.875412142
6021001,碳素煅烧工,0.756610815,0.763519166,0.760152161
6021002,碳素成型工,0.756610815,0.763519166,0.760152161
6021003,碳素焙烧工,0.756610815,0.763519166,0.760152161
6021004,碳素浸渍工,0.756610815,0.763519166,0.760152161
6021005,碳素石墨化工,0.756610815,0.763519166,0.760152161
6021101,硬质合金混合料制备工,0.756610815,0.763519166,0.760152161
6021102,硬质合金成型工,0.756610815,0.763519166,0.760152161
6021103,硬质合金烧结工,0.756610815,0.763519166,0.760152161
6029901,冶炼风机工,0.735849535,0.738818843,0.737371656
6030101,化工原料准备工,0.779163425,0.779316858,0.779242078
6030102,压缩机工,0.735849535,0.738818843,0.737371656
6030103,气体净化工,0.779163425,0.779316858,0.779242078
6030104,过滤工,0.779163425,0.779316858,0.779242078
6030105,油加热工,0.779163425,0.779316858,0.779242078
6030106,制冷工,0.735849535,0.738818843,0.737371656
6030107,蒸发工,0.779163425,0.779316858,0.779242078
6030108,蒸馏工,0.779163425,0.779316858,0.779242078
6030109,萃取工,0.779163425,0.779316858,0.779242078
6030110,吸收工,0.779163425,0.779316858,0.779242078
6030111,吸附工,0.779163425,0.779316858,0.779242078
6030112,干燥工,0.779163425,0.779316858,0.779242078
6030113,结晶工,0.779163425,0.779316858,0.779242078
6030114,造粒工,0.779163425,0.779316858,0.779242078
6030115,防腐蚀工,0.64688642,0.648521876,0.647724784
6030116,化工工艺试验工,0.468301556,0.465439965,0.466834653
6030117,化工总控工,0.779163425,0.779316858,0.779242078
6030201,燃料油生产工,0.779163425,0.779316858,0.779242078
6030202,润滑油、脂生产工,0.779163425,0.779316858,0.779242078
6030203,石油产品精制工,0.779163425,0.779316858,0.779242078
6030204,油制气工,0.779163425,0.779316858,0.779242078
6030301,备煤筛焦工,0.779163425,0.779316858,0.779242078
6030302,焦炉调温工,0.779163425,0.779316858,0.779242078
6030303,焦炉机车司机,0.716013121,0.697315303,0.706428282
6030304,煤制气工,0.779163425,0.779316858,0.779242078
6030305,燃气储运工,0.733516345,0.727812895,0.730592654
6030401,合成氨生产工,0.779163425,0.779316858,0.779242078
6030402,尿素生产工,0.779163425,0.779316858,0.779242078
6030403,硝酸铵生产工,0.779163425,0.779316858,0.779242078
6030404,碳酸氢铵生产工,0.779163425,0.779316858,0.779242078
6030405,硫酸铵生产工,0.779163425,0.779316858,0.779242078
6030406,过磷酸钙生产工,0.779163425,0.779316858,0.779242078
6030407,复合磷肥生产工,0.779163425,0.779316858,0.779242078
6030408,钙镁磷肥生产工,0.779163425,0.779316858,0.779242078
6030409,氯化钾生产工,0.779163425,0.779316858,0.779242078
6030410,微量元素混肥生产工,0.779163425,0.779316858,0.779242078
6030501,硫酸生产工,0.779163425,0.779316858,0.779242078
6030502,硝酸生产工,0.779163425,0.779316858,0.779242078
6030503,盐酸生产工,0.779163425,0.779316858,0.779242078
6030504,磷酸生产工,0.779163425,0.779316858,0.779242078
6030505,纯碱生产工,0.779163425,0.779316858,0.779242078
6030506,烧碱生产工,0.779163425,0.779316858,0.779242078
6030507,氟化盐生产工,0.779163425,0.779316858,0.779242078
6030508,缩聚磷酸盐生产工,0.779163425,0.779316858,0.779242078
6030509,无机化学反应工,0.779163425,0.779316858,0.779242078
6030510,高频等离子工,0.779163425,0.779316858,0.779242078
6030511,气体深冷分离工,0.779163425,0.779316858,0.779242078
6030512,工业气体液化工,0.779163425,0.779316858,0.779242078
6030513,炭黑制造工,0.779163425,0.779316858,0.779242078
6030514,二硫化碳制造工,0.779163425,0.779316858,0.779242078
6030601,脂肪烃生产工,0.779163425,0.779316858,0.779242078
6030602,环烃生产工,0.779163425,0.779316858,0.779242078
6030603,烃类衍生物生产工,0.779163425,0.779316858,0.779242078
6030701,聚乙烯生产工,0.779163425,0.779316858,0.779242078
6030702,聚丙烯生产工,0.779163425,0.779316858,0.779242078
6030703,聚苯乙烯生产工,0.779163425,0.779316858,0.779242078
6030704,聚丁二烯生产工,0.779163425,0.779316858,0.779242078
6030705,聚氯乙烯生产工,0.779163425,0.779316858,0.779242078
6030706,酚醛树脂生产工,0.779163425,0.779316858,0.779242078
6030707,环氧树脂生产工,0.779163425,0.779316858,0.779242078
6030708,丙烯腈 - 丁二烯 - 苯乙烯共聚物（ABS）生产工,0.779163425,0.779316858,0.779242078
6030801,顺丁橡胶生产工,0.779163425,0.779316858,0.779242078
6030802,乙丙橡胶生产工,0.779163425,0.779316858,0.779242078
6030803,异戊橡胶生产工,0.779163425,0.779316858,0.779242078
6030804,丁腈橡胶生产工,0.779163425,0.779316858,0.779242078
6030805,丁苯橡胶生产工,0.779163425,0.779316858,0.779242078
6030806,氯丁橡胶生产工,0.779163425,0.779316858,0.779242078
6030901,化纤聚合工,0.876018492,0.897906997,0.887238935
6030902,湿纺原液制造工,0.876018492,0.897906997,0.887238935
6030903,纺丝工,0.876018492,0.897906997,0.887238935
6030904,化纤后处理工,0.876018492,0.897906997,0.887238935
6030905,纺丝凝固浴液配制工,0.876018492,0.897906997,0.887238935
6030906,无纺布制造工,0.782662056,0.778356459,0.780454929
6030907,化纤纺丝精密组件工,0.876018492,0.897906997,0.887238935
6031101,有机合成工,0.779163425,0.779316858,0.779242078
6031102,农药生物测试试验工,0.468301556,0.465439965,0.466834653
6031103,染料标准工,0.779163425,0.779316858,0.779242078
6031104,染料应用试验工,0.468301556,0.465439965,0.466834653
6031105,染料拼混工,0.779163425,0.779316858,0.779242078
6031106,研磨分散工,0.792325566,0.793767407,0.79306468
6031107,催化剂制造工,0.779163425,0.779316858,0.779242078
6031108,催化剂试验工,0.468301556,0.465439965,0.466834653
6031109,涂料合成树脂工,0.779163425,0.779316858,0.779242078
6031110,制漆配色调制工,0.779163425,0.779316858,0.779242078
6031111,溶剂制造工,0.779163425,0.779316858,0.779242078
6031112,化学试剂制造工,0.779163425,0.779316858,0.779242078
6031113,化工添加剂制造工,0.779163425,0.779316858,0.779242078
6031201,片基制造工,0.741948571,0.739127355,0.740502365
6031202,感光材料制造工,0.779163425,0.779316858,0.779242078
6031203,感光材料试验工,0.468301556,0.465439965,0.466834653
6031204,暗盒制造工,0.741948571,0.739127355,0.740502365
6031205,废片、白银回收工,0.779163425,0.779316858,0.779242078
6031206,磁粉制造工,0.741948571,0.739127355,0.740502365
6031207,磁记录材料制造工,0.741948571,0.739127355,0.740502365
6031208,磁记录材料试验工,0.468301556,0.465439965,0.466834653
6031209,感光鼓涂敷工,0.741948571,0.739127355,0.740502365
6031301,单基火药制造工,0.779163425,0.779316858,0.779242078
6031302,双基火药制造工,0.779163425,0.779316858,0.779242078
6031303,多基火药制造工,0.779163425,0.779316858,0.779242078
6031304,黑火药制造工,0.779163425,0.779316858,0.779242078
6031305,混合火药制造工,0.779163425,0.779316858,0.779242078
6031401,单质炸药制造工,0.779163425,0.779316858,0.779242078
6031402,混合炸药制造工,0.779163425,0.779316858,0.779242078
6031403,起爆药制造工,0.779163425,0.779316858,0.779242078
6031404,含水炸药制造工,0.779163425,0.779316858,0.779242078
6031501,松香工,0.779163425,0.779316858,0.779242078
6031502,松节油制品工,0.779163425,0.779316858,0.779242078
6031503,活性炭生产工,0.779163425,0.779316858,0.779242078
6031504,栲胶生产工,0.779163425,0.779316858,0.779242078
6031505,紫胶生产工,0.779163425,0.779316858,0.779242078
6031506,栓皮制品工,0.779163425,0.779316858,0.779242078
6031507,木材水解工,0.779163425,0.779316858,0.779242078
6031605,复合固体推进剂成型工,0.779163425,0.779316858,0.779242078
6031606,复合固体发动机装药工,0.779163425,0.779316858,0.779242078
6031702,甘油工,0.779163425,0.779316858,0.779242078
6031703,脂肪酸工,0.779163425,0.779316858,0.779242078
6031706,香料制造工,0.779163425,0.779316858,0.779242078
6031710,油墨制造工,0.779163425,0.779316858,0.779242078
6031711,制胶工,0.779163425,0.779316858,0.779242078
6039901,电子绝缘与介质材料制造工,0.741948571,0.739127355,0.740502365
6040101,车工,0.825731451,0.824775781,0.825241558
6040102,铣工,0.825731451,0.824775781,0.825241558
6040103,刨插工,0.825731451,0.824775781,0.825241558
6040104,磨工,0.825731451,0.824775781,0.825241558
6040105,镗工,0.825731451,0.824775781,0.825241558
6040106,钻床工,0.825731451,0.824775781,0.825241558
6040107,组合机床操作工,0.825731451,0.824775781,0.825241558
6040108,加工中心操作工,0.825731451,0.824775781,0.825241558
6040109,制齿工,0.825731451,0.824775781,0.825241558
6040110,螺丝纹挤形工,0.825731451,0.824775781,0.825241558
6040111,抛磨光工,0.64688642,0.648521876,0.647724784
6040112,拉床工,0.825731451,0.824775781,0.825241558
6040113,锯床工,0.825731451,0.824775781,0.825241558
6040114,刃具扭制工,0.683558164,0.685753533,0.68468355
6040115,弹性元件制造工,0.683558164,0.685753533,0.68468355
6040201,铸造工,0.870359164,0.880216363,0.875412142
6040202,锻造工,0.870359164,0.880216363,0.875412142
6040203,冲压工,0.870359164,0.880216363,0.875412142
6040204,剪切工,0.833587396,0.84424568,0.839051025
6040205,焊工,0.722399267,0.724693698,0.723575434
6040206,金属热处理工,0.777245669,0.782795088,0.780090401
6040207,粉末冶金制造工,0.870359164,0.880216363,0.875412142
6040301,电切削工,0.825731451,0.824775781,0.825241558
6040401,冷作钣金工,0.833587396,0.84424568,0.839051025
6040501,镀层工,0.64688642,0.648521876,0.647724784
6040502,涂装工,0.64688642,0.648521876,0.647724784
6040601,磨料制造工,0.792325566,0.793767407,0.79306468
6040602,磨具制造工,0.683558164,0.685753533,0.68468355
6040701,金属软管、波纹管工,0.833587396,0.84424568,0.839051025
6040702,卫星光学冷加工工,0.825731451,0.824775781,0.825241558
6040703,航天器件高温处理工,0.777245669,0.782795088,0.780090401
6049901,电焊条制造工,0.722399267,0.724693698,0.723575434
6049902,仪器仪表元件制造工,0.741948571,0.739127355,0.740502365
6049903,真空干燥处理工,0.735849535,0.738818843,0.737371656
6050101,基础件装配工,0.734954122,0.747661599,0.741468204
6050102,部件装配工,0.734954122,0.747661599,0.741468204
6050199,其他基础件、部件装配人员,0.765517969,0.779418817,0.772643795
6050201,装配钳工,0.734954122,0.747661599,0.741468204
6050202,工具钳工,0.683558164,0.685753533,0.68468355
6050299,其他机械设备装配人员,0.765517969,0.779418817,0.772643795
6050301,汽轮机装配工,0.734954122,0.747661599,0.741468204
6050302,内燃机装配工,0.734954122,0.747661599,0.741468204
6050303,锅炉设备装配工,0.734954122,0.747661599,0.741468204
6050304,电机装配工,0.734954122,0.747661599,0.741468204
6050399,其他动力设备装配人员,0.765517969,0.779418817,0.772643795
6050401,铁心叠装工,0.734954122,0.747661599,0.741468204
6050402,绝缘制品件装配工,0.734954122,0.747661599,0.741468204
6050403,线圈绕制工,0.734954122,0.747661599,0.741468204
6050404,绝缘处理浸渍工,0.64688642,0.648521876,0.647724784
6050405,变压器、互感器装配工,0.734954122,0.747661599,0.741468204
6050406,高低压电器装配工,0.734954122,0.747661599,0.741468204
6050407,电焊机装配工,0.734954122,0.747661599,0.741468204
6050408,电炉装配工,0.734954122,0.747661599,0.741468204
6050409,电线电缆制造工,0.876018492,0.897906997,0.887238935
6050499,其他电气元件及设备装配人员,0.765517969,0.779418817,0.772643795
6050501,电子专用设备装调工,0.734954122,0.747661599,0.741468204
6050502,真空测试工,0.468301556,0.465439965,0.466834653
6050599,其他电子专用设备装配调试人员,0.765517969,0.779418817,0.772643795
6050601,仪器仪表元器件装调工,0.741948571,0.739127355,0.740502365
6050602,力学仪器仪表装配工,0.741948571,0.739127355,0.740502365
6050603,电子仪器仪表装配工,0.741948571,0.739127355,0.740502365
6050604,光电仪器仪表元装调工,0.741948571,0.739127355,0.740502365
6050605,分析仪器仪表装配工,0.741948571,0.739127355,0.740502365
6050606,计时仪器仪表装配工,0.741948571,0.739127355,0.740502365
6050607,工业自动化仪器仪表与装置装配工,0.741948571,0.739127355,0.740502365
6050608,电工仪器仪表装配工,0.741948571,0.739127355,0.740502365
6050701,汽车（拖拉机）装配工,0.734954122,0.747661599,0.741468204
6050702,铁路机车机械制修工,0.734954122,0.747661599,0.741468204
6050703,铁路车辆机械制修工,0.734954122,0.747661599,0.741468204
6050704,铁路机车电气装修工,0.734954122,0.747661599,0.741468204
6050705,铁路车辆电气装修工,0.734954122,0.747661599,0.741468204
6050706,铁路机车车辆制动修造工,0.734954122,0.747661599,0.741468204
6050707,电机车装配工,0.734954122,0.747661599,0.741468204
6050708,摩托车装配工,0.734954122,0.747661599,0.741468204
6050709,助动车、自行车装配工,0.734954122,0.747661599,0.741468204
6050799,其他运输车辆装配人员,0.765517969,0.779418817,0.772643795
6050801,功能膜工,0.779163425,0.779316858,0.779242078
6050802,电渗析器工,0.779163425,0.779316858,0.779242078
6050901,医疗器械装配工,0.734954122,0.747661599,0.741468204
6050902,假肢制作装配工,0.445886207,0.445793054,0.445838455
6050903,矫形器制作装配工,0.445886207,0.445793054,0.445838455
6050999,其他医疗器械装配及假肢与矫形器制作人员,0.765517969,0.779418817,0.772643795
6051001,空调机装配工,0.734954122,0.747661599,0.741468204
6051002,电冰箱、电冰柜制造装配工,0.734954122,0.747661599,0.741468204
6051003,洗衣机制造装配工,0.734954122,0.747661599,0.741468204
6051004,小型家用电器装配工,0.734954122,0.747661599,0.741468204
6051005,缝纫机制造装配工,0.734954122,0.747661599,0.741468204
6051006,办公小机械制造装配工,0.734954122,0.747661599,0.741468204
6051099,其他日用机械电器制造装配人员,0.765517969,0.779418817,0.772643795
6051101,工具五金制作工,0.765517969,0.779418817,0.772643795
6051102,建筑五金制品制作工,0.765517969,0.779418817,0.772643795
6051103,制锁工,0.765517969,0.779418817,0.772643795
6051104,铝制品制作工,0.765517969,0.779418817,0.772643795
6051105,日用五金制品制作工,0.765517969,0.779418817,0.772643795
6051199,其他五金制品制作装配人员,0.765517969,0.779418817,0.772643795
6051201,装甲车辆装配工,0.734954122,0.747661599,0.741468204
6051202,装甲车辆装配检验工,0.516445171,0.516375994,0.516409709
6051203,装甲车辆驾驶试验工,0.716013121,0.697315303,0.706428282
6051204,装甲车辆发动机装试工,0.734954122,0.747661599,0.741468204
6051299,其他装甲车辆装试人员,0.765517969,0.779418817,0.772643795
6051301,火炮装试工,0.734954122,0.747661599,0.741468204
6051302,火炮装试检验工,0.516445171,0.516375994,0.516409709
6051303,火炮随动系统装试工,0.734954122,0.747661599,0.741468204
6051304,火炮随动系统装试检验工,0.516445171,0.516375994,0.516409709
6051305,火炮膛线制作工,0.825731451,0.824775781,0.825241558
6051306,枪支装配工,0.734954122,0.747661599,0.741468204
6051307,枪管校直工,0.825731451,0.824775781,0.825241558
6051308,枪管膛线制作工,0.825731451,0.824775781,0.825241558
6051399,其他枪炮制造人员,0.765517969,0.779418817,0.772643795
6051401,炮弹装配工,0.734954122,0.747661599,0.741468204
6051402,枪弹装配工,0.734954122,0.747661599,0.741468204
6051403,火工装药工,0.779163425,0.779316858,0.779242078
6051499,其他弹制造人员,0.765517969,0.779418817,0.772643795
6051501,引信装试工,0.734954122,0.747661599,0.741468204
6051599,其他引信加工制造人员,0.765517969,0.779418817,0.772643795
6051601,雷管制造工,0.779163425,0.779316858,0.779242078
6051602,索状爆破器材制造工,0.779163425,0.779316858,0.779242078
6051603,火工品装配工,0.734954122,0.747661599,0.741468204
6051604,爆破器材试验工,0.468301556,0.465439965,0.466834653
6051701,滤毒材料制造工,0.779163425,0.779316858,0.779242078
6051702,防毒器材装配工,0.734954122,0.747661599,0.741468204
6051703,防毒器材试验工,0.468301556,0.465439965,0.466834653
6051799,其他防化器材制造人员,0.765517969,0.779418817,0.772643795
6051801,船体制造工,0.833587396,0.84424568,0.839051025
6051802,船舶轮机装配工,0.734954122,0.747661599,0.741468204
6051803,船舶电气装配工,0.734954122,0.747661599,0.741468204
6051804,船舶附件制造工,0.765517969,0.779418817,0.772643795
6051806,船舶制造试验工,0.468301556,0.465439965,0.466834653
6051899,其他船舶制造人员,0.765517969,0.779418817,0.772643795
6051901,飞机装配工,0.734954122,0.747661599,0.741468204
6051902,飞机系统安装调试工,0.734954122,0.747661599,0.741468204
6051903,机载导弹装配工,0.734954122,0.747661599,0.741468204
6051904,航空发动机装配工,0.734954122,0.747661599,0.741468204
6051905,飞机螺旋桨装配工,0.734954122,0.747661599,0.741468204
6051906,飞机军械安装调试工,0.734954122,0.747661599,0.741468204
6051907,航空电气安装调试工,0.734954122,0.747661599,0.741468204
6051908,飞机发动机附件装配工,0.734954122,0.747661599,0.741468204
6051909,航空仪表装配工,0.741948571,0.739127355,0.740502365
6051910,飞机仪表安装试验工,0.741948571,0.739127355,0.740502365
6051911,航空装配平衡工,0.468301556,0.465439965,0.466834653
6051912,飞机无线电设备安装调试工,0.734954122,0.747661599,0.741468204
6051913,飞机雷达安装调试工,0.734954122,0.747661599,0.741468204
6051914,飞机特种设备检测与修理工,0.575739034,0.580831854,0.578349706
6051915,飞机透明件制造胶接装配工,0.734954122,0.747661599,0.741468204
6051916,飞机外场调试与维护工,0.575739034,0.580831854,0.578349706
6051999,其他航空产品装配与调试人员,0.765517969,0.779418817,0.772643795
6052001,飞机试验工,0.468301556,0.465439965,0.466834653
6052002,机载导弹例行试验工,0.468301556,0.465439965,0.466834653
6052003,航空发动机试车工,0.735849535,0.738818843,0.737371656
6052004,飞机螺旋桨试验工,0.468301556,0.465439965,0.466834653
6052005,飞机、发动机附件试验工,0.468301556,0.465439965,0.466834653
6052006,航空环控救生装备试验工,0.468301556,0.465439965,0.466834653
6052007,航空仪表试验工,0.468301556,0.465439965,0.466834653
6052008,航空电机电器试验设备调试工,0.468301556,0.465439965,0.466834653
6052099,其他航空产品试验人员,0.468301556,0.465439965,0.466834653
6052101,惯性器件装配工,0.734954122,0.747661599,0.741468204
6052102,伺服机构装配调试工,0.734954122,0.747661599,0.741468204
6052103,导弹部段装配工,0.734954122,0.747661599,0.741468204
6052104,航天器引信装配工,0.734954122,0.747661599,0.741468204
6052105,弹头装配工,0.734954122,0.747661599,0.741468204
6052106,导弹总体装配工,0.734954122,0.747661599,0.741468204
6052107,卫星总体装配工,0.734954122,0.747661599,0.741468204
6052199,其他导弹卫星装配测试人员,0.765517969,0.779418817,0.772643795
6052201,液体火箭发动机装配试验工,0.734954122,0.747661599,0.741468204
6052202,固体火箭发动机装配工,0.734954122,0.747661599,0.741468204
6052203,固体火箭发动机试验工,0.468301556,0.465439965,0.466834653
6052204,固体火箭发动机检测工,0.516445171,0.516375994,0.516409709
6052299,其他火箭发动机装配试验人员,0.765517969,0.779418817,0.772643795
6052301,航天器环境试验工,0.468301556,0.465439965,0.466834653
6052302,航天器结构强度环境试验工,0.468301556,0.465439965,0.466834653
6052303,航天器结构高低温环境试验工,0.468301556,0.465439965,0.466834653
6052304,火箭发动机介质试验工,0.468301556,0.465439965,0.466834653
6052305,航天器系统试验工,0.468301556,0.465439965,0.466834653
6052306,空间环境模拟光学装测工,0.468301556,0.465439965,0.466834653
6052307,空间环境模拟温度试验工,0.468301556,0.465439965,0.466834653
6052308,空间环境模拟真空试验工,0.468301556,0.465439965,0.466834653
6052399,其他航天器结构强度温度湿度环境试验人员,0.468301556,0.465439965,0.466834653
6052401,靶场试射工,0.743284412,0.736406193,0.739758513
6052402,靶场测试验工,0.468301556,0.465439965,0.466834653
6052499,其他靶场试验人员,0.468301556,0.465439965,0.466834653
6059900,其他机电产品装配人员,0.765517969,0.779418817,0.772643795
6060101,机修钳工,0.68904837,0.684176066,0.686550739
6060102,汽车修理工,0.839468576,0.844482661,0.842038886
6060103,船舶修理工,0.68904837,0.684176066,0.686550739
6060201,工业自动化仪器仪表与装置修理工,0.575739034,0.580831854,0.578349706
6060202,电工仪器仪表修理工,0.575739034,0.580831854,0.578349706
6060203,精密仪器仪表修理工,0.575739034,0.580831854,0.578349706
6060301,民用航空器维护人员,0.575739034,0.580831854,0.578349706
6060302,民用航空器修理人员,0.575739034,0.580831854,0.578349706
6070101,水轮机设备安装工,0.715673891,0.725031119,0.720470575
6070102,锅炉设备安装工,0.715673891,0.725031119,0.720470575
6070103,汽轮机设备安装工,0.715673891,0.725031119,0.720470575
6070104,发电机设备安装工,0.715673891,0.725031119,0.720470575
6070105,热工仪表及控制装置安装试验工,0.62504381,0.625030085,0.625036775
6070106,发电厂电气设备安装工,0.62504381,0.625030085,0.625036775
6070107,电力电缆安装工,0.62504381,0.625030085,0.625036775
6070108,高压线路架设工,0.62504381,0.625030085,0.625036775
6070109,电力工程内线安装工,0.62504381,0.625030085,0.625036775
6070201,水轮发电机值班员,0.840827518,0.845510462,0.84322808
6070202,燃料值班员,0.840827518,0.845510462,0.84322808
6070203,锅炉运行值班员,0.840827518,0.845510462,0.84322808
6070204,锅炉辅机值班员,0.840827518,0.845510462,0.84322808
6070205,汽轮机运行值班员,0.840827518,0.845510462,0.84322808
6070206,热力网值班员,0.840827518,0.845510462,0.84322808
6070207,电气值班员,0.840827518,0.845510462,0.84322808
6070208,集控值班员,0.840827518,0.845510462,0.84322808
6070209,发电机氢冷值班员,0.840827518,0.845510462,0.84322808
6070210,电厂水处理值班员,0.840827518,0.845510462,0.84322808
6070301,送电、配电线路工,0.62504381,0.625030085,0.625036775
6070302,变电站值班员,0.840827518,0.845510462,0.84322808
6070303,调相机值班员,0.840827518,0.845510462,0.84322808
6070304,换流站值班员,0.840827518,0.845510462,0.84322808
6070401,锅炉本体设备检修工,0.68904837,0.684176066,0.686550739
6070402,锅炉附属设备检修工,0.68904837,0.684176066,0.686550739
6070403,汽轮机本体设备检修工,0.68904837,0.684176066,0.686550739
6070404,汽轮机附属设备检修工,0.68904837,0.684176066,0.686550739
6070405,发电厂电动机检修工,0.645813616,0.650458493,0.648194664
6070406,水轮机检修工,0.68904837,0.684176066,0.686550739
6070407,水电站水力机械试验工,0.468301556,0.465439965,0.466834653
6070408,水电自动装置检修工,0.575739034,0.580831854,0.578349706
6070409,高压线路带电检修工,0.62504381,0.625030085,0.625036775
6070410,变压器检修工,0.645813616,0.650458493,0.648194664
6070411,变电设备检修工,0.645813616,0.650458493,0.648194664
6070412,电气试验员,0.468301556,0.465439965,0.466834653
6070413,继电保护员,0.468301556,0.465439965,0.466834653
6070501,电力负荷控制员,0.468301556,0.465439965,0.466834653
6070502,用电监察员,0.516445171,0.516375994,0.516409709
6070503,抄表核算收费员,0.594684233,0.627125555,0.61131424
6070504,装表接电工,0.62504381,0.625030085,0.625036775
6070505,电能计量装置检修工,0.645813616,0.650458493,0.648194664
6070599,其他供用电人员,0.510543593,0.516303647,0.513496301
6070601,变电设备安装工,0.62504381,0.625030085,0.625036775
6070602,变配电室值班电工,0.840827518,0.845510462,0.84322808
6070603,常用电机检修工,0.645813616,0.650458493,0.648194664
6070604,牵引电力线路安装维护工,0.62504381,0.625030085,0.625036775
6070605,维修电工,0.645813616,0.650458493,0.648194664
6080101,真空电子器件化学零件制造工,0.741948571,0.739127355,0.740502365
6080102,电极丝制造工,0.741948571,0.739127355,0.740502365
6080103,真空电子器件金属零件制造工,0.741948571,0.739127355,0.740502365
6080104,电子真空镀膜工,0.741948571,0.739127355,0.740502365
6080105,真空电子器件装配工,0.741948571,0.739127355,0.740502365
6080106,真空电子器件装调工,0.741948571,0.739127355,0.740502365
6080107,液晶显示器件制造工,0.741948571,0.739127355,0.740502365
6080108,单晶片加工工,0.741948571,0.739127355,0.740502365
6080109,半导体芯片制造工,0.741948571,0.739127355,0.740502365
6080110,半导体分立器件、集成电路装调工,0.741948571,0.739127355,0.740502365
6080111,电子用水制备工,0.779163425,0.779316858,0.779242078
6080201,电阻器制造工,0.741948571,0.739127355,0.740502365
6080202,电容器制造工,0.741948571,0.739127355,0.740502365
6080203,微波铁氧体元器件制造工,0.741948571,0.739127355,0.740502365
6080204,石英晶体生长设备操作工,0.741948571,0.739127355,0.740502365
6080205,压电石英晶片加工工,0.741948571,0.739127355,0.740502365
6080206,石英晶体元器件制造工,0.741948571,0.739127355,0.740502365
6080207,电声器件制造工,0.741948571,0.739127355,0.740502365
6080208,水声换能器制造工,0.741948571,0.739127355,0.740502365
6080209,专用继电器制造工,0.741948571,0.739127355,0.740502365
6080210,高频电感器件制造工,0.741948571,0.739127355,0.740502365
6080211,接插件制造工,0.741948571,0.739127355,0.740502365
6080212,磁头制造工,0.741948571,0.739127355,0.740502365
6080213,电子产品制版工,0.741948571,0.739127355,0.740502365
6080214,印制电路制作工,0.741948571,0.739127355,0.740502365
6080215,薄膜加热器制造工,0.741948571,0.739127355,0.740502365
6080301,铅酸蓄电池制造工,0.741948571,0.739127355,0.740502365
6080302,碱性蓄电池制造工,0.741948571,0.739127355,0.740502365
6080303,原电池制造工,0.741948571,0.739127355,0.740502365
6080304,热电池制造工,0.741948571,0.739127355,0.740502365
6080305,太阳电池制造工,0.741948571,0.739127355,0.740502365
6080401,无线电设备机械装校工,0.734954122,0.747661599,0.741468204
6080402,电子设备装接工,0.734954122,0.747661599,0.741468204
6080403,无线电调试工,0.468301556,0.465439965,0.466834653
6080404,雷达装配工,0.734954122,0.747661599,0.741468204
6080405,雷达调试工,0.468301556,0.465439965,0.466834653
6080406,电子精密机械装调工,0.734954122,0.747661599,0.741468204
6080407,电子计算机（微机）调试工,0.468301556,0.465439965,0.466834653
6080408,有线通信传输设备调试工,0.468301556,0.465439965,0.466834653
6080409,通讯交换设备调试工,0.468301556,0.465439965,0.466834653
6080410,电源调试工,0.468301556,0.465439965,0.466834653
6080411,激光机装调工,0.468301556,0.465439965,0.466834653
6080412,激光全息工,0.468301556,0.465439965,0.466834653
6080413,铁路通信组调工,0.468301556,0.465439965,0.466834653
6080414,铁路信号组调工,0.468301556,0.465439965,0.466834653
6080415,铁路电控组调工,0.468301556,0.465439965,0.466834653
6080501,电子计算机 (微机) 维修工,0.575739034,0.580831854,0.578349706
6100101,纤维验配工,0.876018492,0.897906997,0.887238935
6100102,开清棉工,0.876018492,0.897906997,0.887238935
6100103,纤维染色工,0.786387948,0.794006181,0.790293192
6100104,加湿软麻工,0.876018492,0.897906997,0.887238935
6100105,选剥煮茧工,0.876018492,0.897906997,0.887238935
6100106,纤维梳理工,0.876018492,0.897906997,0.887238935
6100107,并条工,0.876018492,0.897906997,0.887238935
6100108,粗纱工,0.876018492,0.897906997,0.887238935
6100109,绢纺精炼工,0.876018492,0.897906997,0.887238935
6100201,细纱工,0.876018492,0.897906997,0.887238935
6100202,简并摇工,0.876018492,0.897906997,0.887238935
6100203,捻线工,0.876018492,0.897906997,0.887238935
6100204,制线工,0.876018492,0.897906997,0.887238935
6100205,缫丝工,0.876018492,0.897906997,0.887238935
6100301,整经工,0.782662056,0.778356459,0.780454929
6100302,浆纱工,0.782662056,0.778356459,0.780454929
6100303,穿经工,0.782662056,0.778356459,0.780454929
6100304,织布工,0.782662056,0.778356459,0.780454929
6100305,织物验修工,0.782662056,0.778356459,0.780454929
6100306,意匠纹版工,0.782662056,0.778356459,0.780454929
6100401,纬编工,0.782662056,0.778356459,0.780454929
6100402,经编工,0.782662056,0.778356459,0.780454929
6100403,横机工,0.782662056,0.778356459,0.780454929
6100404,织袜工,0.782662056,0.778356459,0.780454929
6100405,铸、钳针工,0.683558164,0.685753533,0.68468355
6100501,坯布检查处理工,0.786387948,0.794006181,0.790293192
6100502,印染烧毛工,0.786387948,0.794006181,0.790293192
6100503,煮炼漂工,0.786387948,0.794006181,0.790293192
6100504,印染洗涤工,0.786387948,0.794006181,0.790293192
6100505,印染烘干工,0.786387948,0.794006181,0.790293192
6100506,印染丝光工,0.786387948,0.794006181,0.790293192
6100507,印染定型工,0.786387948,0.794006181,0.790293192
6100508,纺织针织染色工,0.786387948,0.794006181,0.790293192
6100509,印花工,0.786387948,0.794006181,0.790293192
6100510,印染雕刻制版工,0.786387948,0.794006181,0.790293192
6100511,印染后整理工,0.786387948,0.794006181,0.790293192
6100512,印染成品定等装潢工,0.786387948,0.794006181,0.790293192
6100513,印染染化料配制工,0.786387948,0.794006181,0.790293192
6100514,工艺染织制作工,0.786387948,0.794006181,0.790293192
6110101,裁剪工,0.8996344,0.912639929,0.906301269
6110102,缝纫工,0.8996344,0.912639929,0.906301269
6110103,缝纫品整形工,0.8996344,0.912639929,0.906301269
6110104,裁缝,0.8996344,0.912639929,0.906301269
6110105,剧装工,0.8996344,0.912639929,0.906301269
6110201,制鞋工,0.835964205,0.836077809,0.836022441
6110202,制帽工,0.8996344,0.912639929,0.906301269
6110401,缝纫制品充填处理工,0.8996344,0.912639929,0.906301269
6110402,胶制服装上胶工,0.8996344,0.912639929,0.906301269
6110403,服装水洗工,0.786387948,0.794006181,0.790293192
6120405,酒精制造工,0.779163425,0.779316858,0.779242078
6120501,酶制剂制造工,0.779163425,0.779316858,0.779242078
6120502,柠檬酸制造工,0.779163425,0.779316858,0.779242078
6130301,烟用二醋片制作工,0.779163425,0.779316858,0.779242078
6130302,烟用丝束制造工,0.779163425,0.779316858,0.779242078
6140101,化学合成制药工,0.779163425,0.779316858,0.779242078
6140201,生化药品制造工,0.779163425,0.779316858,0.779242078
6140202,发酵工程制药工,0.779163425,0.779316858,0.779242078
6140203,疫苗制品工,0.779163425,0.779316858,0.779242078
6140204,血液制品工,0.779163425,0.779316858,0.779242078
6140205,基因工程产品工,0.779163425,0.779316858,0.779242078
6140301,药物制剂工,0.779163425,0.779316858,0.779242078
6140401,中药炮制与配制工,0.779163425,0.779316858,0.779242078
6140402,中药液体制剂工,0.779163425,0.779316858,0.779242078
6140403,中药固体制剂工,0.779163425,0.779316858,0.779242078
6150101,制材工,0.728300301,0.737930081,0.7332367
6150102,木材干燥工,0.728300301,0.737930081,0.7332367
6150201,胶合板工,0.728300301,0.737930081,0.7332367
6150202,纤维板工,0.728300301,0.737930081,0.7332367
6150203,刨花板工,0.728300301,0.737930081,0.7332367
6150204,人造板制胶工,0.779163425,0.779316858,0.779242078
6150205,装饰层压板工,0.728300301,0.737930081,0.7332367
6150206,人造板饰面工,0.728300301,0.737930081,0.7332367
6150301,手工木工,0.728300301,0.737930081,0.7332367
6150302,机械木工,0.728300301,0.737930081,0.7332367
6150303,精细木工,0.728300301,0.737930081,0.7332367
6160101,制浆备料工,0.832298996,0.847724948,0.840206618
6160102,制浆设备操作工,0.832298996,0.847724948,0.840206618
6160103,制浆废液回收利用工,0.832298996,0.847724948,0.840206618
6160201,造纸工,0.832298996,0.847724948,0.840206618
6160202,纸张整饰工,0.832298996,0.847724948,0.840206618
6160203,宣纸书画纸制作工,0.832298996,0.847724948,0.840206618
6160301,瓦楞纸箱制作工,0.832298996,0.847724948,0.840206618
6160302,纸盒制作工,0.832298996,0.847724948,0.840206618
6170101,水泥生产制造工,0.803710603,0.811428831,0.807667106
6170102,水泥制品工,0.803710603,0.811428831,0.807667106
6170103,石灰焙烧工,0.803710603,0.811428831,0.807667106
6170201,砖、瓦生产工,0.803710603,0.811428831,0.807667106
6170202,加气混凝土制品工,0.803710603,0.811428831,0.807667106
6170203,纸面石膏板生产工,0.803710603,0.811428831,0.807667106
6170204,石膏浮雕板工,0.803710603,0.811428831,0.807667106
6170301,油毡生产工,0.803710603,0.811428831,0.807667106
6170302,高分子防水卷材生产工,0.803710603,0.811428831,0.807667106
6170401,保温材料制造工,0.803710603,0.811428831,0.807667106
6170402,吸音材料生产工,0.803710603,0.811428831,0.807667106
6170403,珍珠岩制造工,0.803710603,0.811428831,0.807667106
6170501,装饰石材生产工,0.803710603,0.811428831,0.807667106
6170601,云母制品加工工,0.803710603,0.811428831,0.807667106
6170602,石棉制品工,0.803710603,0.811428831,0.807667106
6170603,高岭土制品工,0.803710603,0.811428831,0.807667106
6170604,金刚石制品工,0.803710603,0.811428831,0.807667106
6170605,人工合成晶体工,0.803710603,0.811428831,0.807667106
6170701,耐火原料加工工,0.803710603,0.811428831,0.807667106
6170702,耐火材料成型工,0.803710603,0.811428831,0.807667106
6170703,耐火材料烧成工,0.803710603,0.811428831,0.807667106
6170704,耐火制品浸油工,0.803710603,0.811428831,0.807667106
6170705,耐火纤维制品工,0.803710603,0.811428831,0.807667106
6180101,玻璃配料工,0.749481368,0.751765536,0.750652273
6180102,玻璃熔化工,0.749481368,0.751765536,0.750652273
6180103,玻璃制板及玻璃成型工,0.749481368,0.751765536,0.750652273
6180104,玻璃加工工,0.749481368,0.751765536,0.750652273
6180105,玻璃制品装饰加工工,0.749481368,0.751765536,0.750652273
6180201,玻璃纤维制品工,0.749481368,0.751765536,0.750652273
6180202,玻璃钢制品工,0.749481368,0.751765536,0.750652273
6180301,石英玻璃制品加工工,0.749481368,0.751765536,0.750652273
6180401,陶瓷原料准备工,0.749481368,0.751765536,0.750652273
6180402,陶瓷成型工,0.749481368,0.751765536,0.750652273
6180403,陶瓷烧成工,0.749481368,0.751765536,0.750652273
6180404,陶瓷装饰工,0.749481368,0.751765536,0.750652273
6180405,匣钵、模型制作工,0.749481368,0.751765536,0.750652273
6180406,古建琉璃工,0.749481368,0.751765536,0.750652273
6180501,搪瓷釉浆熔制工,0.749481368,0.751765536,0.750652273
6180502,搪瓷坯体制作工,0.749481368,0.751765536,0.750652273
6180503,搪瓷涂搪烧成工,0.749481368,0.751765536,0.750652273
6180504,搪瓷花版饰花工,0.749481368,0.751765536,0.750652273
6190101,影视置景制作员,0.562678103,0.567652973,0.565228311
6190104,影视动画制作员,0.383877421,0.390073951,0.387053874
6190201,唱片工,0.741948571,0.739127355,0.740502365
6190301,照明设备操作员,0.444472974,0.440702079,0.442539945
6190302,影视设备机械员,0.444472974,0.440702079,0.442539945
6190303,广播电视天线工,0.62504381,0.625030085,0.625036775
6190304,有线广播电视机线员,0.575739034,0.580831854,0.578349706
6190305,音响调音员,0.444472974,0.440702079,0.442539945
6190306,舞台音响效果工,0.444472974,0.440702079,0.442539945
6190399,其他广播影视舞台设备安装调试及运行操作人员,0.444472974,0.440702079,0.442539945
6190401,电影放映员,0.444472974,0.440702079,0.442539945
6190402,拷贝检片员,0.444472974,0.440702079,0.442539945
6190403,拷贝字幕员,0.444472974,0.440702079,0.442539945
6190499,其他电影放映人员,0.444472974,0.440702079,0.442539945
6190501,考古发掘工,0.433282942,0.432526362,0.432895106
6190502,文物修复工,0.433282942,0.432526362,0.432895106
6190503,文物拓印工,0.433282942,0.432526362,0.432895106
6190504,古旧书画修复工,0.433282942,0.432526362,0.432895106
6190599,其他文物保护作业人员,0.433282942,0.432526362,0.432895106
6200101,平版制版工,0.753132404,0.764605399,0.759013669
6200102,凸版制版工,0.753132404,0.764605399,0.759013669
6200103,凹版制版工,0.753132404,0.764605399,0.759013669
6200104,孔版制版工,0.753132404,0.764605399,0.759013669
6200199,其他印前处理人员,0.753132404,0.764605399,0.759013669
6200201,平版印刷工,0.753132404,0.764605399,0.759013669
6200202,凸版印刷工,0.753132404,0.764605399,0.759013669
6200203,凹版印刷工,0.753132404,0.764605399,0.759013669
6200204,孔版印刷工,0.753132404,0.764605399,0.759013669
6200205,木刻水印印制工,0.753132404,0.764605399,0.759013669
6200206,珂罗版印制工,0.753132404,0.764605399,0.759013669
6200207,盲文印制工,0.753132404,0.764605399,0.759013669
6200299,其他印刷操作人员,0.753132404,0.764605399,0.759013669
6200301,装订工,0.753132404,0.764605399,0.759013669
6200302,印品整饰工,0.753132404,0.764605399,0.759013669
6200399,其他印后制作人员,0.753132404,0.764605399,0.759013669
6210101,宝石琢磨工,0.793002567,0.794791384,0.793919547
6210102,贵金属首饰手工制作工,0.793002567,0.794791384,0.793919547
6210103,贵金属首饰机制工,0.793002567,0.794791384,0.793919547
6210199,其他珠宝首饰加工制作人员,0.793002567,0.794791384,0.793919547
6210301,金属、塑料、木制玩具装配工,0.765517969,0.779418817,0.772643795
6210399,其他玩具制作人员,0.765517969,0.779418817,0.772643795
6210401,漆器制胎工,0.687841095,0.702136747,0.695169304
6210402,彩绘雕填制作工,0.687841095,0.702136747,0.695169304
6210403,漆器镶嵌工,0.687841095,0.702136747,0.695169304
6210499,其他漆器工艺品制作人员,0.687841095,0.702136747,0.695169304
6210601,景泰蓝制作工,0.687841095,0.702136747,0.695169304
6210602,金属摆件工,0.687841095,0.702136747,0.695169304
6210699,其他金属工艺品制作人员,0.687841095,0.702136747,0.695169304
6210701,工艺品雕刻工,0.687841095,0.702136747,0.695169304
6210799,其他雕刻工艺品制作人员,0.687841095,0.702136747,0.695169304
6210801,装饰美工,0.68050841,0.679085327,0.679778912
6210802,雕塑翻制工,0.687841095,0.702136747,0.695169304
6210803,壁画制作工,0.687841095,0.702136747,0.695169304
6210804,油画外框制作工,0.728300301,0.737930081,0.7332367
6210805,装裱工,0.687841095,0.702136747,0.695169304
6210806,版画制作工,0.687841095,0.702136747,0.695169304
6210899,其他美术品制作人员,0.687841095,0.702136747,0.695169304
6219901,民间工艺品制作工,0.687841095,0.702136747,0.695169304
6219902,人造花制作工,0.687841095,0.702136747,0.695169304
6219903,工艺画制作工,0.687841095,0.702136747,0.695169304
6219904,烟花爆竹制作工,0.779163425,0.779316858,0.779242078
6220101,墨制作工,0.753132404,0.764605399,0.759013669
6220102,墨水制造工,0.779163425,0.779316858,0.779242078
6220103,墨汁制造工,0.779163425,0.779316858,0.779242078
6220104,绘图仪器制作工,0.765517969,0.779418817,0.772643795
6220105,静电复印机消耗材制造工,0.741948571,0.739127355,0.740502365
6220106,毛笔制作工,0.687841095,0.702136747,0.695169304
6220107,自来水笔制作工,0.765517969,0.779418817,0.772643795
6220108,圆珠笔制作工,0.765517969,0.779418817,0.772643795
6220109,铅笔制造工,0.765517969,0.779418817,0.772643795
6220110,印泥制作工,0.779163425,0.779316858,0.779242078
6220201,制球工,0.765517969,0.779418817,0.772643795
6220202,球拍、球网制作工,0.765517969,0.779418817,0.772643795
6220203,健身器材制作工,0.765517969,0.779418817,0.772643795
6220299,其他体育用品制作人员,0.765517969,0.779418817,0.772643795
6220301,钢琴及键盘乐器制作工,0.687841095,0.702136747,0.695169304
6220302,提琴制作工,0.687841095,0.702136747,0.695169304
6220303,管乐器制作工,0.687841095,0.702136747,0.695169304
6220304,民族拉弦、弹拨乐器制作工,0.687841095,0.702136747,0.695169304
6220305,吹奏乐器制作工,0.687841095,0.702136747,0.695169304
6220306,打击乐器制作工,0.687841095,0.702136747,0.695169304
6220307,电声乐器制作工,0.741948571,0.739127355,0.740502365
6220399,其他乐器制作人员,0.687841095,0.702136747,0.695169304
6230101,凿岩工,0.243827634,0.247548715,0.245735127
6230102,爆破工,0.243827634,0.247548715,0.245735127
6230103,土石方机械操作工,0.802870134,0.799593167,0.801190302
6230199,其他土石方施工人员,0.580501082,0.584758169,0.582683341
6230201,砌筑工,0.647309455,0.660993874,0.654324335
6230202,石工,0.7197537,0.7272981,0.723621096
6230301,混凝土工,0.824347588,0.839023277,0.831870611
6230302,混凝土制品模具工,0.824347588,0.839023277,0.831870611
6230303,混凝土搅拌机械操作工,0.802870134,0.799593167,0.801190302
6230401,钢筋工,0.805057376,0.80877185,0.806961482
6230501,架子工,0.676122115,0.688669938,0.682554356
6230601,防水工,0.698863634,0.700171514,0.699534077
6230602,防渗墙工,0.698863634,0.700171514,0.699534077
6230701,装饰装修工,0.698863634,0.700171514,0.699534077
6230702,室内成套设施装饰工,0.698863634,0.700171514,0.699534077
6230802,古建筑装饰工,0.698863634,0.700171514,0.699534077
6230901,筑路机械操作工,0.802870134,0.799593167,0.801190302
6230902,筑路、养护工,0.735969077,0.741238432,0.738670244
6230903,线桥专用机械操作工,0.802870134,0.799593167,0.801190302
6230904,铁道线路工,0.735969077,0.741238432,0.738670244
6230905,桥梁工,0.735969077,0.741238432,0.738670244
6230907,铁路舟桥工,0.735969077,0.741238432,0.738670244
6230908,道岔制修工,0.735969077,0.741238432,0.738670244
6230909,枕木处理工,0.728300301,0.737930081,0.7332367
6231001,机械设备安装工,0.715673891,0.725031119,0.720470575
6231002,电气设备安装工,0.62504381,0.625030085,0.625036775
6231003,管工,0.715673891,0.725031119,0.720470575
6239901,中小型施工机械操作工,0.802870134,0.799593167,0.801190302
6240201,车站行车作业员,0.716013121,0.697315303,0.706428282
6240202,车站运转作业计划员,0.594684233,0.627125555,0.61131424
6240203,车号员,0.594684233,0.627125555,0.61131424
6240204,驼峰设备操作员,0.716013121,0.697315303,0.706428282
6240205,车站调车作业员,0.716013121,0.697315303,0.706428282
6240206,列车运转乘务员,0.703828228,0.724634977,0.714494143
6240207,机车乘务员,0.716013121,0.697315303,0.706428282
6240208,机车调度员,0.594684233,0.627125555,0.61131424
6240209,发电车乘务员,0.716013121,0.697315303,0.706428282
6240210,机车整备员,0.645813616,0.650458493,0.648194664
6240211,救援机械操作员,0.802870134,0.799593167,0.801190302
6240212,列车轴温检测员,0.516445171,0.516375994,0.516409709
6240213,铁路通信工,0.575739034,0.580831854,0.578349706
6240214,铁路电源工,0.645813616,0.650458493,0.648194664
6240215,铁路信号工,0.575739034,0.580831854,0.578349706
6240301,航空通信雷达导航员,0.384933271,0.385869168,0.385413029
6240303,航空摄影员,0.444472974,0.440702079,0.442539945
6240304,航空器材员,0.594684233,0.627125555,0.61131424
6240305,航空气象员,0.285147582,0.27694653,0.280943574
6240403,无线电航标操作工,0.575739034,0.580831854,0.578349706
6240404,潜水员,0.739278775,0.746593247,0.743028305
6240407,航道航务施工工,0.735969077,0.741238432,0.738670244
6240501,起重装卸机械操作工,0.750347915,0.749352206,0.749837496
6240502,起重工,0.750347915,0.749352206,0.749837496
6240503,输送机操作工,0.733516345,0.727812895,0.730592654
6240504,闸门运行工,0.733516345,0.727812895,0.730592654
6250101,大气环境监测工,0.581433102,0.597157654,0.589493792
6250102,水环境监测工,0.581433102,0.597157654,0.589493792
6250103,土壤环境监测工,0.581433102,0.597157654,0.589493792
6250104,环境生物监测工,0.581433102,0.597157654,0.589493792
6250105,环境噪声及振动监测工,0.581433102,0.597157654,0.589493792
6250106,固体废物监测工,0.581433102,0.597157654,0.589493792
6250107,环境辐射监测工,0.581433102,0.597157654,0.589493792
6250199,其他环境监测人员,0.581433102,0.597157654,0.589493792
6250201,海洋调查与监测工,0.581433102,0.597157654,0.589493792
6250202,海洋浮标工,0.581433102,0.597157654,0.589493792
6250203,海洋水文气象观测员,0.285147582,0.27694653,0.280943574
6250299,其他海洋环境调查与监测人员,0.581433102,0.597157654,0.589493792
6250301,固体废物处理工,1,1,1
6250302,废水处理工,1,1,1
6250303,废气处理工,1,1,1
6250304,除尘设备运行工,1,1,1
6259900,其他环境监测与废物处理人员,0.581433102,0.597157654,0.589493792
6260101,化学检验工,0.464941265,0.468577458,0.466805243
6260102,材料成分检验工,0.464941265,0.468577458,0.466805243
6260103,材料物理性能检验工,0.464941265,0.468577458,0.466805243
6260104,无损检测员,0.516445171,0.516375994,0.516409709
6260105,产品环境适应性能检验工,0.516445171,0.516375994,0.516409709
6260106,产品可靠性能检验工,0.516445171,0.516375994,0.516409709
6260107,产品安全性能检验工,0.516445171,0.516375994,0.516409709
6260108,食品检验工,0.464941265,0.468577458,0.466805243
6260109,饲料检验工,0.464941265,0.468577458,0.466805243
6260110,畜禽产品检验工,0.464941265,0.468577458,0.466805243
6260111,烟草检验工,0.464941265,0.468577458,0.466805243
6260112,纺织纤维检验工,0.464941265,0.468577458,0.466805243
6260113,针纺织品检验工,0.464941265,0.468577458,0.466805243
6260114,印染工艺检验工,0.464941265,0.468577458,0.466805243
6260115,服装鞋帽检验工,0.516445171,0.516375994,0.516409709
6260116,木材及家具检验工,0.516445171,0.516375994,0.516409709
6260117,包装材料检验工,0.516445171,0.516375994,0.516409709
6260118,文体用品及出版物品检验工,0.516445171,0.516375994,0.516409709
6260119,燃料检验工,0.464941265,0.468577458,0.466805243
6260120,感光材料检验工,0.464941265,0.468577458,0.466805243
6260121,药物检验工,0.197448179,0.216200323,0.207060867
6260122,中药检验工,0.197448179,0.216200323,0.207060867
6260123,五金制品检验工,0.516445171,0.516375994,0.516409709
6260124,机械产品检验工,0.516445171,0.516375994,0.516409709
6260125,医疗器械检验工,0.516445171,0.516375994,0.516409709
6260126,机动车检验工,0.516445171,0.516375994,0.516409709
6260127,电器产品检验工,0.516445171,0.516375994,0.516409709
6260128,电工器材检验工,0.516445171,0.516375994,0.516409709
6260129,照明电器检验工,0.516445171,0.516375994,0.516409709
6260130,通信设备检验工,0.516445171,0.516375994,0.516409709
6260131,广播影视设备检验工,0.516445171,0.516375994,0.516409709
6260132,计算机检验工,0.516445171,0.516375994,0.516409709
6260133,电子器件检验工,0.516445171,0.516375994,0.516409709
6260134,仪器仪表检验工,0.516445171,0.516375994,0.516409709
6260135,贵金属首饰、钻石、宝玉石检验员,0.793002567,0.794791384,0.793919547
6260136,管道检验工,0.516445171,0.516375994,0.516409709
6260199,其他检验人员,0.516445171,0.516375994,0.516409709
6260201,飞机检验工,0.516445171,0.516375994,0.516409709
6260202,机载导弹检验工,0.516445171,0.516375994,0.516409709
6260203,航空发动机检验工,0.516445171,0.516375994,0.516409709
6260204,飞机螺旋桨检验工,0.516445171,0.516375994,0.516409709
6260205,飞机、发动机附件检验工,0.516445171,0.516375994,0.516409709
6260206,航空环控救生装备检验工,0.516445171,0.516375994,0.516409709
6260207,航空仪表检验工,0.516445171,0.516375994,0.516409709
6260299,其他航空产品检验人员,0.516445171,0.516375994,0.516409709
6260301,航天器无损检测试验工,0.516445171,0.516375994,0.516409709
6260302,航天器材料性能测试验工,0.464941265,0.468577458,0.466805243
6260303,试车台测量工,0.464941265,0.468577458,0.466805243
6260304,试车台液、气系统操作工,0.735849535,0.738818843,0.737371656
6260305,试车台控制工,0.468301556,0.465439965,0.466834653
6260306,液体推进剂性能试验工,0.464941265,0.468577458,0.466805243
6260307,固体推进剂性能试验工,0.464941265,0.468577458,0.466805243
6260308,试车台测力计量检定工,0.39749478,0.394637852,0.396030267
6260399,其他航天器检验测试人员,0.516445171,0.516375994,0.516409709
6260401,长度计量工,0.39749478,0.394637852,0.396030267
6260402,热工计量工,0.39749478,0.394637852,0.396030267
6260403,衡器计量工,0.39749478,0.394637852,0.396030267
6260404,硬度测力计量工,0.39749478,0.394637852,0.396030267
6260405,容量计量工,0.39749478,0.394637852,0.396030267
6260406,电器计量工,0.39749478,0.394637852,0.396030267
6260407,化学计量工,0.39749478,0.394637852,0.396030267
6260408,声学计量工,0.39749478,0.394637852,0.396030267
6260409,光学计量工,0.39749478,0.394637852,0.396030267
6260410,电离辐射计量工,0.39749478,0.394637852,0.396030267
6260411,专用计量器具计量工,0.39749478,0.394637852,0.396030267
6260499,其他检验、计量人员,0.39749478,0.394637852,0.396030267
6990100,包装人员,0.680145723,0.688385577,0.684369621
6990200,机泵操作人员,0.735849535,0.738818843,0.737371656
6990300,简单体力劳动人员,0.829963468,0.845668457,0.838014129
